,Poll End Date,Source,,Party,,NATIONAL,By State,NEW SOUTH WALES,VICTORIA,QUEENSLAND,SOUTH AUSTRALIA/NT,WESTERN AUSTRALIA,By Geographic,CAPITALS,OTHERS,By Gender,MALE,FEMALE,By Age Group (1),18-24 ,25-39,40-54,55+,By Age Group (2),18-34,35-49,50+,
44_LNC_TA_ALP_BS,17-May-14,Nielsen,,ALP,,40,,43,45,35,44,22,,39,40,,39,40,,41,37,43,39,,,,,
44_LNC_TA_ALP_BS,17-May-14,Nielsen,,COAL,,35,,36,34,40,33,34,,34,37,,38,33,,27,30,35,43,,,,,
44_LNC_TA_ALP_BS,17-May-14,Nielsen,,GRN,,14,,14,15,7,14,23,,17,8,,12,16,,22,18,10,10,,,,,
44_LNC_TA_ALP_BS,17-May-14,Nielsen,,PUP,,6,,3,2,10,3,13,,4,8,,6,5,,4,6,6,5,,,,,
44_LNC_TA_ALP_BS,17-May-14,Nielsen,,OTH,,6,,5,4,8,6,7,,5,6,,5,6,,6,8,7,3,,,,,
44_LNC_TA_ALP_BS,12-Apr-14,Nielsen,,ALP,,34,,33,37,38,38,20,,35,32,,32,37,,36,34,35,33,,,,,
44_LNC_TA_ALP_BS,12-Apr-14,Nielsen,,COAL,,40,,43,40,38,39,37,,39,42,,41,39,,32,33,39,49,,,,,
44_LNC_TA_ALP_BS,12-Apr-14,Nielsen,,GRN,,17,,15,19,11,12,27,,17,16,,17,16,,26,23,15,10,,,,,
44_LNC_TA_ALP_BS,12-Apr-14,Nielsen,,IND,,4,,3,2,9,3,11,,4,5,,5,4,,2,5,7,4,,,,,
44_LNC_TA_ALP_BS,12-Apr-14,Nielsen,,OTH,,5,,6,3,5,9,5,,4,5,,5,4,,4,6,5,4,,,,,
44_LNC_TA_ALP_BS,31-Mar-14,Newspoll,,ALP,,36,,38,38,34,38,29,,38,34,,37,35,,,,,,,38,37,34,
44_LNC_TA_ALP_BS,31-Mar-14,Newspoll,,COAL,,40,,40,36,41,37,46,,37,43,,40,39,,,,,,,29,37,48,
44_LNC_TA_ALP_BS,31-Mar-14,Newspoll,,GRN,,12,,11,15,8,9,15,,14,9,,10,14,,,,,,,18,14,7,
44_LNC_TA_ALP_BS,31-Mar-14,Newspoll,,OTH,,12,,11,11,17,16,10,,11,14,,13,12,,,,,,,15,12,11,
44_LNC_TA_ALP_BS,15-Mar-14,Nielsen,,ALP,,35,,36,38,34,38,31,,40,28,,34,37,,43,38,34,32,,,,,
44_LNC_TA_ALP_BS,15-Mar-14,Nielsen,,COAL,,44,,45,41,44,38,46,,40,50,,45,43,,30,37,40,57,,,,,
44_LNC_TA_ALP_BS,15-Mar-14,Nielsen,,GRN,,12,,11,15,9,9,12,,13,9,,11,12,,20,14,13,5,,,,,
44_LNC_TA_ALP_BS,15-Mar-14,Nielsen,,PUP,,4,,2,2,8,5,4,,2,6,,4,3,,4,4,4,2,,,,,
44_LNC_TA_ALP_BS,15-Mar-14,Nielsen,,OTH,,6,,7,3,5,10,7,,5,6,,7,5,,4,8,8,3,,,,,
44_LNC_TA_ALP_BS,15-Feb-14,Nielsen,,ALP,,33,,34,33,33,34,29,,34,31,,31,35,,39,33,34,29,,,,,
44_LNC_TA_ALP_BS,15-Feb-14,Nielsen,,COAL,,44,,45,44,45,45,42,,43,46,,45,43,,29,40,44,54,,,,,
44_LNC_TA_ALP_BS,15-Feb-14,Nielsen,,GRN,,12,,13,14,8,11,14,,13,10,,11,13,,21,16,10,7,,,,,
44_LNC_TA_ALP_BS,15-Feb-14,Nielsen,,IND,,6,,5,4,8,9,7,,5,7,,6,5,,2,5,7,7,,,,,
44_LNC_TA_ALP_BS,15-Feb-14,Nielsen,,OTH,,5,,4,6,7,2,8,,5,6,,7,4,,8,6,5,4,,,,,
44_LNC_TA_ALP_BS,27-Dec-13,Newspoll,,ALP,,35,,36,34,32,33,36,,37,31,,33,36,,,,,,,36,33,34,
44_LNC_TA_ALP_BS,27-Dec-13,Newspoll,,COAL,,43,,45,41,44,42,41,,42,44,,44,41,,,,,,,35,43,49,
44_LNC_TA_ALP_BS,27-Dec-13,Newspoll,,GRN,,10,,9,14,8,9,10,,11,9,,9,12,,,,,,,16,11,6,
44_LNC_TA_ALP_BS,27-Dec-13,Newspoll,,OTH,,12,,10,11,16,16,13,,10,16,,14,11,,,,,,,13,13,11,
44_LNC_TA_ALP_BS,23-Nov-13,Nielsen,,ALP,,37,,35,39,42,28,33,,37,36,,36,37,,46,41,32,34,,,,,
44_LNC_TA_ALP_BS,23-Nov-13,Nielsen,,COAL,,41,,45,40,38,42,39,,40,43,,44,38,,31,32,45,49,,,,,
44_LNC_TA_ALP_BS,23-Nov-13,Nielsen,,GRN,,11,,10,11,8,15,14,,12,9,,9,13,,13,13,13,8,,,,,
44_LNC_TA_ALP_BS,23-Nov-13,Nielsen,,IND,,5,,4,3,6,12,5,,5,6,,4,6,,4,5,5,6,,,,,
44_LNC_TA_ALP_BS,23-Nov-13,Nielsen,,OTH,,6,,6,7,5,2,8,,6,6,,6,5,,5,8,5,4,,,,,
43_ALP_KR_LNC_TA,05-Sep-13,Newspoll,,ALP,,33,,35,33,30,31,30,,,,,,,,,,,,,,,,
43_ALP_KR_LNC_TA,05-Sep-13,Newspoll,,COAL,,46,,46,44,48,44,51,,,,,,,,,,,,,,,,
43_ALP_KR_LNC_TA,05-Sep-13,Newspoll,,GRN,,9,,8,12,5,10,11,,,,,,,,,,,,,,,,
43_ALP_KR_LNC_TA,05-Sep-13,Newspoll,,OTH,,12,,11,11,17,15,8,,,,,,,,,,,,,,,,
43_ALP_KR_LNC_TA,22-Aug-13,Nielsen,,ALP,,35,,34,36,39,38,27,,36,34,,34,37,,38,40,35,31,,,,,
43_ALP_KR_LNC_TA,22-Aug-13,Nielsen,,COAL,,47,,50,43,49,35,58,,46,49,,50,45,,32,40,49,57,,,,,
43_ALP_KR_LNC_TA,22-Aug-13,Nielsen,,GRN,,10,,9,15,5,15,10,,12,8,,9,12,,21,12,9,6,,,,,
43_ALP_KR_LNC_TA,22-Aug-13,Nielsen,,IND,,3,,4,3,1,7,1,,2,5,,3,3,,3,3,3,3,,,,,
43_ALP_KR_LNC_TA,22-Aug-13,Nielsen,,OTH,,4,,3,3,6,5,4,,4,4,,5,3,,6,4,4,3,,,,,
43_ALP_KR_LNC_TA,18-Aug-13,Newspoll,,ALP,,35,,34,37,37,32,30,,35,34,,33,36,,,,,,,36,36,32,
43_ALP_KR_LNC_TA,18-Aug-13,Newspoll,,COAL,,46,,51,39,46,46,52,,45,48,,49,44,,,,,,,40,44,52,
43_ALP_KR_LNC_TA,18-Aug-13,Newspoll,,GRN,,10,,7,17,8,10,9,,12,7,,8,12,,,,,,,15,11,7,
43_ALP_KR_LNC_TA,18-Aug-13,Newspoll,,OTH,,9,,8,7,9,12,9,,8,11,,10,8,,,,,,,9,9,9,
43_ALP_KR_LNC_TA,08-Aug-13,Nielsen,,ALP,,37,,39,34,38,36,35,,37,35,,36,37,,38,38,37,35,,,,,
43_ALP_KR_LNC_TA,08-Aug-13,Nielsen,,COAL,,46,,47,45,46,41,53,,46,46,,49,43,,37,42,45,54,,,,,
43_ALP_KR_LNC_TA,08-Aug-13,Nielsen,,GRN,,10,,8,14,8,11,8,,10,9,,8,12,,17,12,10,6,,,,,
43_ALP_KR_LNC_TA,08-Aug-13,Nielsen,,IND,,4,,3,4,2,7,1,,3,4,,4,3,,4,3,4,3,,,,,
43_ALP_KR_LNC_TA,08-Aug-13,Nielsen,,OTH,,4,,2,3,6,5,4,,3,5,,3,4,,4,4,4,3,,,,,
43_ALP_KR_LNC_TA,13-Jul-13,Nielsen,,ALP,,39,,40,39,42,33,38,,41,37,,35,44,,46,46,36,33,,,,,
43_ALP_KR_LNC_TA,13-Jul-13,Nielsen,,COAL,,44,,44,43,44,38,48,,43,45,,48,39,,28,37,45,54,,,,,
43_ALP_KR_LNC_TA,13-Jul-13,Nielsen,,GRN,,9,,9,12,5,14,10,,10,7,,7,11,,18,10,10,4,,,,,
43_ALP_KR_LNC_TA,13-Jul-13,Nielsen,,IND,,5,,6,2,5,8,2,,3,7,,6,4,,4,4,5,6,,,,,
43_ALP_KR_LNC_TA,13-Jul-13,Nielsen,,FFP,,1,,0,1,1,6,1,,1,1,,1,1,,2,1,1,1,,,,,
43_ALP_KR_LNC_TA,13-Jul-13,Nielsen,,OTH,,2,,1,2,3,1,2,,2,3,,3,1,,1,2,3,2,,,,,
43_ALP_JG_LNC_TA,24-Jun-13,Newspoll,,ALP,,31,,30,37,29,30,25,,32,29,,28,34,,,,,,,33,30,30,
43_ALP_JG_LNC_TA,24-Jun-13,Newspoll,,COAL,,47,,48,43,46,44,55,,46,48,,50,44,,,,,,,39,48,52,
43_ALP_JG_LNC_TA,24-Jun-13,Newspoll,,GRN,,10,,9,12,8,10,11,,11,8,,9,11,,,,,,,15,10,6,
43_ALP_JG_LNC_TA,24-Jun-13,Newspoll,,OTH,,12,,13,8,17,16,9,,11,15,,13,11,,,,,,,13,12,12,
43_ALP_JG_LNC_TA,15-Jun-13,Nielsen,,ALP,,29,,27,33,26,22,33,,31,24,,24,34,,32,25,30,30,,,,,
43_ALP_JG_LNC_TA,15-Jun-13,Nielsen,,COAL,,47,,53,40,50,48,47,,44,53,,52,43,,39,49,44,52,,,,,
43_ALP_JG_LNC_TA,15-Jun-13,Nielsen,,GRN,,11,,9,15,6,14,12,,12,8,,10,12,,19,13,12,4,,,,,
43_ALP_JG_LNC_TA,15-Jun-13,Nielsen,,IND,,6,,6,5,10,8,1,,5,8,,7,6,,4,4,7,8,,,,,
43_ALP_JG_LNC_TA,15-Jun-13,Nielsen,,FFP,,1,,1,1,1,5,1,,2,1,,2,1,,1,2,2,1,,,,,
43_ALP_JG_LNC_TA,15-Jun-13,Nielsen,,OTH,,5,,5,6,7,3,6,,5,6,,7,4,,5,7,5,4,,,,,
43_ALP_JG_LNC_TA,18-May-13,Nielsen,,ALP,,32,,28,38,30,32,31,,33,30,,31,33,,40,30,31,31,,,,,
43_ALP_JG_LNC_TA,18-May-13,Nielsen,,COAL,,44,,48,38,45,42,49,,42,49,,44,45,,29,40,46,53,,,,,
43_ALP_JG_LNC_TA,18-May-13,Nielsen,,GRN,,11,,12,14,7,13,11,,13,8,,12,11,,16,17,9,6,,,,,
43_ALP_JG_LNC_TA,18-May-13,Nielsen,,IND,,6,,5,5,8,7,1,,5,6,,6,5,,5,5,6,5,,,,,
43_ALP_JG_LNC_TA,18-May-13,Nielsen,,FFP,,2,,2,1,2,1,2,,2,1,,2,2,,3,2,2,1,,,,,
43_ALP_JG_LNC_TA,18-May-13,Nielsen,,OTH,,5,,5,3,7,5,6,,4,6,,6,4,,7,7,5,3,,,,,
43_ALP_JG_LNC_TA,13-Apr-13,Nielsen,,IND,,6,,7,5,7,7,1,,5,6,,6,5,,5,5,9,4,,,,,
43_ALP_JG_LNC_TA,13-Apr-13,Nielsen,,FFP,,1,,1,1,0,3,2,,1,2,,0,2,,1,1,1,1,,,,,
43_ALP_JG_LNC_TA,13-Apr-13,Nielsen,,COAL,,49,,51,38,54,55,50,,48,51,,50,47,,43,43,47,57,,,,,
43_ALP_JG_LNC_TA,13-Apr-13,Nielsen,,ALP,,29,,27,35,25,23,24,,30,28,,29,29,,32,28,29,30,,,,,
43_ALP_JG_LNC_TA,13-Apr-13,Nielsen,,GRN,,12,,11,16,9,9,10,,13,10,,9,14,,16,19,9,5,,,,,
43_ALP_JG_LNC_TA,13-Apr-13,Nielsen,,OTH,,4,,3,5,4,2,3,,4,4,,4,3,,3,4,5,3,,,,,
43_ALP_JG_LNC_TA,31-Mar-13,Newspoll,,COAL,,46,,46,44,49,41,50,,45,48,,49,43,,,,,,,38,47,51,
43_ALP_JG_LNC_TA,31-Mar-13,Newspoll,,ALP,,33,,33,37,30,32,31,,35,31,,31,36,,,,,,,34,33,34,
43_ALP_JG_LNC_TA,31-Mar-13,Newspoll,,GRN,,10,,10,12,7,11,10,,11,9,,9,11,,,,,,,16,10,6,
43_ALP_JG_LNC_TA,31-Mar-13,Newspoll,,OTH,,11,,11,7,14,16,9,,9,12,,11,10,,,,,,,12,10,9,
43_ALP_JG_LNC_TA,16-Mar-13,Nielsen,,IND,,6,,6,4,6,9,4,,5,7,,6,5,,2,5,6,7,,,,,
43_ALP_JG_LNC_TA,16-Mar-13,Nielsen,,FFP,,2,,0.5,2,3,3,3,,2,2,,1,3,,4,3,2,1,,,,,
43_ALP_JG_LNC_TA,16-Mar-13,Nielsen,,COAL,,47,,49,45,47,46,48,,46,49,,48,46,,39,46,45,54,,,,,
43_ALP_JG_LNC_TA,16-Mar-13,Nielsen,,ALP,,31,,30,34,29,28,30,,31,29,,28,33,,30,27,32,33,,,,,
43_ALP_JG_LNC_TA,16-Mar-13,Nielsen,,GRN,,10,,9,11,10,8,12,,12,8,,12,9,,15,14,12,4,,,,,
43_ALP_JG_LNC_TA,16-Mar-13,Nielsen,,OTH,,4,,6,3,5,6,2,,4,5,,5,4,,10,5,3,2,,,,,
43_ALP_JG_LNC_TA,16-Feb-13,Nielsen,,IND,,6,,7,3,7,8,5,,4,9,,7,5,,3,7,6,6,,,,,
43_ALP_JG_LNC_TA,16-Feb-13,Nielsen,,FFP,,2,,1,3,4,3,3,,2,3,,2,3,,4,4,2,1,,,,,
43_ALP_JG_LNC_TA,16-Feb-13,Nielsen,,COAL,,47,,49,42,46,54,49,,48,45,,48,45,,35,43,46,55,,,,,
43_ALP_JG_LNC_TA,16-Feb-13,Nielsen,,ALP,,30,,26,37,27,23,32,,31,29,,30,30,,33,30,28,30,,,,,
43_ALP_JG_LNC_TA,16-Feb-13,Nielsen,,GRN,,11,,12,11,11,11,8,,11,11,,9,13,,18,12,12,6,,,,,
43_ALP_JG_LNC_TA,16-Feb-13,Nielsen,,OTH,,4,,5,4,5,2,3,,4,4,,4,4,,7,4,5,3,,,,,
43_ALP_JG_LNC_TA,31-Dec-12,Newspoll,,COAL,,43,,43,40,47,42,48,,43,45,,45,42,,,,,,,37,41,49,
43_ALP_JG_LNC_TA,31-Dec-12,Newspoll,,ALP,,35,,34,40,32,36,32,,36,33,,33,36,,,,,,,34,33,34,
43_ALP_JG_LNC_TA,31-Dec-12,Newspoll,,GRN,,11,,12,12,7,10,11,,12,8,,11,11,,,,,,,16,12,6,
43_ALP_JG_LNC_TA,31-Dec-12,Newspoll,,OTH,,11,,11,8,14,12,9,,9,14,,11,11,,,,,,,12,14,9,
43_ALP_JG_LNC_TA,15-Dec-12,Nielsen,,IND,,6,,6,5,7,6,3,,5,8,,5,7,,2,5,7,7,,,,,
43_ALP_JG_LNC_TA,15-Dec-12,Nielsen,,FFP,,2,,1,2,1,3,1,,1,2,,1,2,,5,2,1,0.5,,,,,
43_ALP_JG_LNC_TA,15-Dec-12,Nielsen,,COAL,,43,,41,41,46,47,49,,44,42,,47,40,,36,41,42,48,,,,,
43_ALP_JG_LNC_TA,15-Dec-12,Nielsen,,ALP,,35,,34,34,35,34,34,,34,36,,32,37,,33,34,35,35,,,,,
43_ALP_JG_LNC_TA,15-Dec-12,Nielsen,,GRN,,10,,13,12,6,8,11,,12,7,,9,11,,19,13,9,6,,,,,
43_ALP_JG_LNC_TA,15-Dec-12,Nielsen,,OTH,,4,,6,5,5,2,1,,4,5,,6,3,,5,4,6,3,,,,,
43_ALP_JG_LNC_TA,17-Nov-12,Nielsen,,IND,,5,,5,4,4,4,4,,4,6,,4,5,,4,5,6,4,,,,,
43_ALP_JG_LNC_TA,17-Nov-12,Nielsen,,FFP,,2,,2,3,3,5,0,,2,2,,2,3,,2,4,2,1,,,,,
43_ALP_JG_LNC_TA,17-Nov-12,Nielsen,,COAL,,45,,48,43,45,39,50,,44,45,,49,40,,30,40,41,57,,,,,
43_ALP_JG_LNC_TA,17-Nov-12,Nielsen,,ALP,,34,,32,34,33,38,30,,34,34,,31,36,,40,33,35,31,,,,,
43_ALP_JG_LNC_TA,17-Nov-12,Nielsen,,GRN,,12,,10,15,11,12,13,,13,11,,10,14,,23,15,13,5,,,,,
43_ALP_JG_LNC_TA,17-Nov-12,Nielsen,,OTH,,3,,3,2,3,1,4,,3,2,,3,2,,1,3,4,2,,,,,
43_ALP_JG_LNC_TA,20-Oct-12,Nielsen,,IND,,6,,7,5,5,5,6,,5,7,,7,5,,2,6,7,6,,,,,
43_ALP_JG_LNC_TA,20-Oct-12,Nielsen,,FFP,,2,,1,2,3,2,2,,2,3,,0.5,4,,2,3,3,0.5,,,,,
43_ALP_JG_LNC_TA,20-Oct-12,Nielsen,,COAL,,43,,44,38,48,40,48,,43,44,,44,42,,32,39,44,49,,,,,
43_ALP_JG_LNC_TA,20-Oct-12,Nielsen,,ALP,,34,,34,37,30,37,26,,34,33,,33,35,,33,31,32,38,,,,,
43_ALP_JG_LNC_TA,20-Oct-12,Nielsen,,GRN,,11,,10,13,7,13,13,,13,8,,12,10,,25,14,9,5,,,,,
43_ALP_JG_LNC_TA,20-Oct-12,Nielsen,,OTH,,4,,4,4,7,3,4,,4,5,,5,4,,6,6,5,2,,,,,
43_ALP_JG_LNC_TA,30-Sep-12,Newspoll,,COAL,,45,,47,41,47,42,51,,44,48,,48,43,,,,,,,38,44,51,
43_ALP_JG_LNC_TA,30-Sep-12,Newspoll,,ALP,,33,,31,37,30,33,30,,34,31,,31,34,,,,,,,33,30,34,
43_ALP_JG_LNC_TA,30-Sep-12,Newspoll,,GRN,,10,,10,12,9,11,11,,12,8,,9,12,,,,,,,16,13,5,
43_ALP_JG_LNC_TA,30-Sep-12,Newspoll,,OTH,,12,,12,10,14,14,8,,10,13,,12,11,,,,,,,13,13,10,
43_ALP_JG_LNC_TA,15-Sep-12,Nielsen,,IND,,5,,6,3,6,7,4,,4,7,,5,5,,3,5,4,6,,,,,
43_ALP_JG_LNC_TA,15-Sep-12,Nielsen,,FFP,,2,,0.5,2,2,3,2,,2,2,,1,2,,1,3,2,1,,,,,
43_ALP_JG_LNC_TA,15-Sep-12,Nielsen,,COAL,,45,,45,44,48,36,50,,43,47,,47,42,,38,44,41,52,,,,,
43_ALP_JG_LNC_TA,15-Sep-12,Nielsen,,ALP,,34,,35,34,30,39,34,,36,31,,32,37,,33,30,42,32,,,,,
43_ALP_JG_LNC_TA,15-Sep-12,Nielsen,,GRN,,10,,9,12,9,12,9,,11,9,,9,11,,20,12,10,5,,,,,
43_ALP_JG_LNC_TA,15-Sep-12,Nielsen,,OTH,,4,,4,5,5,3,1,,4,4,,5,3,,4,6,2,4,,,,,
43_ALP_JG_LNC_TA,25-Aug-12,Nielsen,,IND,,6,,7,4,7,6,5,,5,7,,6,6,,3,6,6,6,,,,,
43_ALP_JG_LNC_TA,25-Aug-12,Nielsen,,FFP,,2,,2,3,2,2,1,,2,2,,2,2,,3,3,1,1,,,,,
43_ALP_JG_LNC_TA,25-Aug-12,Nielsen,,COAL,,45,,45,41,49,44,48,,43,47,,48,42,,39,38,44,53,,,,,
43_ALP_JG_LNC_TA,25-Aug-12,Nielsen,,ALP,,32,,30,35,28,31,36,,34,29,,30,34,,33,31,34,31,,,,,
43_ALP_JG_LNC_TA,25-Aug-12,Nielsen,,GRN,,11,,10,13,9,15,9,,12,10,,11,11,,21,14,9,7,,,,,
43_ALP_JG_LNC_TA,25-Aug-12,Nielsen,,OTH,,5,,5,5,5,3,1,,5,4,,5,4,,2,8,5,2,,,,,
43_ALP_JG_LNC_TA,28-Jul-12,Nielsen,,IND,,5,,5,3,7,9,5,,4,7,,5,5,,5,5,6,4,,,,,
43_ALP_JG_LNC_TA,28-Jul-12,Nielsen,,FFP,,2,,1,3,1,3,3,,1,3,,1,2,,3,2,3,1,,,,,
43_ALP_JG_LNC_TA,28-Jul-12,Nielsen,,COAL,,47,,45,45,53,40,56,,46,49,,50,44,,39,45,51,49,,,,,
43_ALP_JG_LNC_TA,28-Jul-12,Nielsen,,ALP,,30,,30,34,26,30,25,,32,27,,29,32,,28,26,27,37,,,,,
43_ALP_JG_LNC_TA,28-Jul-12,Nielsen,,GRN,,12,,14,13,8,13,6,,12,11,,10,14,,20,17,9,7,,,,,
43_ALP_JG_LNC_TA,28-Jul-12,Nielsen,,OTH,,4,,4,2,5,5,5,,4,3,,4,3,,5,5,5,2,,,,,
43_ALP_JG_LNC_TA,30-Jun-12,Nielsen,,IND,,5,,5,5,6,8,5,,5,6,,6,5,,5,4,6,6,,,,,
43_ALP_JG_LNC_TA,30-Jun-12,Nielsen,,FFP,,2,,2,3,3,2,2,,2,3,,1,3,,4,3,2,1,,,,,
43_ALP_JG_LNC_TA,30-Jun-12,Nielsen,,COAL,,48,,51,44,56,37,49,,48,50,,50,47,,32,48,51,53,,,,,
43_ALP_JG_LNC_TA,30-Jun-12,Newspoll,,COAL,,47,,47,42,54,45,48,,46,49,,49,44,,,,,,,41,46,51,
43_ALP_JG_LNC_TA,30-Jun-12,Nielsen,,ALP,,28,,26,30,22,34,28,,28,27,,28,28,,28,26,26,31,,,,,
43_ALP_JG_LNC_TA,30-Jun-12,Nielsen,,GRN,,12,,12,12,9,16,9,,13,9,,10,14,,23,13,11,7,,,,,
43_ALP_JG_LNC_TA,30-Jun-12,Nielsen,,OTH,,4,,4,5,3,3,7,,4,5,,6,3,,7,6,4,2,,,,,
43_ALP_JG_LNC_TA,30-Jun-12,Newspoll,,ALP,,30,,29,34,22,33,32,,30,28,,28,31,,,,,,,30,28,31,
43_ALP_JG_LNC_TA,30-Jun-12,Newspoll,,GRN,,12,,12,15,11,10,11,,14,10,,11,14,,,,,,,17,13,8,
43_ALP_JG_LNC_TA,30-Jun-12,Newspoll,,OTH,,11,,12,9,13,12,9,,10,13,,12,11,,,,,,,12,13,10,
43_ALP_JG_LNC_TA,02-Jun-12,Nielsen,,IND,,6,,7,5,6,5,5,,5,8,,4,8,,2,7,8,6,,,,,
43_ALP_JG_LNC_TA,02-Jun-12,Nielsen,,FFP,,2,,1,2,2,5,4,,2,1,,2,2,,5,2,3,1,,,,,
43_ALP_JG_LNC_TA,02-Jun-12,Nielsen,,COAL,,48,,49,41,54,49,51,,47,48,,50,46,,39,48,50,53,,,,,
43_ALP_JG_LNC_TA,02-Jun-12,Nielsen,,ALP,,26,,25,31,24,32,19,,27,26,,27,26,,28,23,25,30,,,,,
43_ALP_JG_LNC_TA,02-Jun-12,Nielsen,,GRN,,14,,14,16,11,9,16,,15,12,,13,15,,23,16,16,7,,,,,
43_ALP_JG_LNC_TA,02-Jun-12,Nielsen,,OTH,,4,,4,4,3,0,6,,3,4,,5,3,,4,5,4,4,,,,,
43_ALP_JG_LNC_TA,31-Mar-12,Nielsen,,IND,,6,,8,6,7,3,3,,6,8,,8,5,,6,7,7,5,,,,,
43_ALP_JG_LNC_TA,31-Mar-12,Nielsen,,FFP,,2,,1,2,3,4,3,,2,2,,3,2,,4,4,1,1,,,,,
43_ALP_JG_LNC_TA,31-Mar-12,Nielsen,,COAL,,47,,49,40,53,43,53,,45,50,,50,45,,36,42,45,58,,,,,
43_ALP_JG_LNC_TA,31-Mar-12,Newspoll,,COAL,,45,,45,44,47,39,48,,44,46,,46,43,,,,,,,37,45,50,
43_ALP_JG_LNC_TA,31-Mar-12,Nielsen,,ALP,,27,,26,32,22,35,25,,30,23,,24,31,,29,27,28,27,,,,,
43_ALP_JG_LNC_TA,31-Mar-12,Nielsen,,GRN,,13,,12,16,10,12,14,,13,12,,12,14,,18,14,15,8,,,,,
43_ALP_JG_LNC_TA,31-Mar-12,Nielsen,,OTH,,4,,4,4,5,3,3,,4,5,,4,4,,7,5,5,1,,,,,
43_ALP_JG_LNC_TA,31-Mar-12,Newspoll,,ALP,,32,,31,34,30,34,31,,32,32,,30,34,,,,,,,33,31,32,
43_ALP_JG_LNC_TA,31-Mar-12,Newspoll,,GRN,,11,,11,13,9,11,10,,13,9,,11,12,,,,,,,17,13,6,
43_ALP_JG_LNC_TA,31-Mar-12,Newspoll,,OTH,,12,,13,9,14,16,11,,11,13,,13,11,,,,,,,13,11,12,
43_ALP_JG_LNC_TA,23-Feb-12,Nielsen,,IND,,6,,7,4,9,6,4,,4,8,,7,5,,6,5,7,6,,,,,
43_ALP_JG_LNC_TA,23-Feb-12,Nielsen,,FFP,,2,,1,3,3,4,1,,1,3,,1,2,,3,2,3,1,,,,,
43_ALP_JG_LNC_TA,23-Feb-12,Nielsen,,COAL,,44,,42,45,42,48,51,,45,43,,44,44,,30,42,45,51,,,,,
43_ALP_JG_LNC_TA,23-Feb-12,Nielsen,,OTH,,3,,3,2,5,2,1,,2,3,,2,3,,3,3,3,2,,,,,
43_ALP_JG_LNC_TA,23-Feb-12,Nielsen,,ALP,,34,,35,31,31,34,34,,34,32,,33,34,,40,32,31,34,,,,,
43_ALP_JG_LNC_TA,23-Feb-12,Nielsen,,GRN,,12,,13,15,11,7,7,,13,10,,12,12,,19,16,11,6,,,,,
43_ALP_JG_LNC_TA,02-Feb-12,Nielsen,,IND,,5,,8,3,6,3,3,,4,7,,5,5,,2,6,5,6,,,,,
43_ALP_JG_LNC_TA,02-Feb-12,Nielsen,,FFP,,1,,1,1,2,1,3,,2,1,,1,1,,1,2,1,1,,,,,
43_ALP_JG_LNC_TA,02-Feb-12,Nielsen,,COAL,,45,,46,39,50,44,50,,44,46,,45,45,,40,39,46,50,,,,,
43_ALP_JG_LNC_TA,02-Feb-12,Nielsen,,OTH,,3,,2,2,3,6,3,,2,3,,3,2,,1,4,3,1,,,,,
43_ALP_JG_LNC_TA,02-Feb-12,Nielsen,,ALP,,33,,33,37,27,34,31,,34,31,,32,34,,37,29,35,33,,,,,
43_ALP_JG_LNC_TA,02-Feb-12,Nielsen,,GRN,,13,,11,18,12,12,11,,14,12,,13,13,,19,19,10,9,,,,,
43_ALP_JG_LNC_TA,31-Dec-11,Newspoll,,COAL,,46,,48,44,48,40,49,,46,47,,49,43,,,,,,,41,43,52,
43_ALP_JG_LNC_TA,31-Dec-11,Newspoll,,OTH,,11,,11,8,14,16,9,,10,14,,12,11,,,,,,,10,13,11,
43_ALP_JG_LNC_TA,31-Dec-11,Newspoll,,ALP,,31,,28,35,29,33,29,,31,29,,29,32,,,,,,,29,31,31,
43_ALP_JG_LNC_TA,31-Dec-11,Newspoll,,GRN,,12,,13,13,9,11,13,,13,10,,10,14,,,,,,,20,13,6,
43_ALP_JG_LNC_TA,10-Dec-11,Nielsen,,IND,,5,,6,4,6,8,5,,3,8,,6,5,,3,7,6,5,,,,,
43_ALP_JG_LNC_TA,10-Dec-11,Nielsen,,FFP,,2,,1,3,2,3,1,,2,2,,3,1,,3,2,3,<0.5,,,,,
43_ALP_JG_LNC_TA,10-Dec-11,Nielsen,,COAL,,49,,49,44,49,47,55,,48,49,,51,46,,40,43,47,58,,,,,
43_ALP_JG_LNC_TA,10-Dec-11,Nielsen,,OTH,,4,,5,3,5,4,4,,4,5,,4,5,,6,5,3,3,,,,,
43_ALP_JG_LNC_TA,10-Dec-11,Nielsen,,ALP,,29,,28,32,31,29,25,,31,26,,28,31,,31,30,30,28,,,,,
43_ALP_JG_LNC_TA,10-Dec-11,Nielsen,,GRN,,11,,11,14,7,9,9,,11,9,,9,12,,16,13,12,5,,,,,
43_ALP_JG_LNC_TA,12-Nov-11,Nielsen,,IND,,6,,6,4,6,8,6,,4,8,,8,3,,3,7,6,5,,,,,
43_ALP_JG_LNC_TA,12-Nov-11,Nielsen,,FFP,,2,,1,1,2,5,2,,1,2,,1,2,,1,3,2,1,,,,,
43_ALP_JG_LNC_TA,12-Nov-11,Nielsen,,COAL,,45,,45,44,48,37,48,,45,45,,45,46,,29,44,46,52,,,,,
43_ALP_JG_LNC_TA,12-Nov-11,Nielsen,,OTH,,4,,4,6,6,2,2,,3,5,,5,4,,7,6,4,2,,,,,
43_ALP_JG_LNC_TA,12-Nov-11,Nielsen,,ALP,,30,,29,29,31,37,26,,30,29,,28,31,,35,25,31,31,,,,,
43_ALP_JG_LNC_TA,12-Nov-11,Nielsen,,GRN,,14,,14,16,8,11,16,,16,10,,13,14,,27,16,10,10,,,,,
43_ALP_JG_LNC_TA,15-Oct-11,Nielsen,,IND,,5,,5,3,7,8,5,,5,7,,5,6,,5,5,6,6,,,,,
43_ALP_JG_LNC_TA,15-Oct-11,Nielsen,,FFP,,1,,1,1,3,3,0,,1,2,,2,1,,2,2,1,1,,,,,
43_ALP_JG_LNC_TA,15-Oct-11,Nielsen,,COAL,,48,,45,47,53,41,54,,45,51,,48,48,,39,44,48,54,,,,,
43_ALP_JG_LNC_TA,15-Oct-11,Nielsen,,OTH,,4,,5,5,3,3,4,,4,4,,5,3,,5,7,2,3,,,,,
43_ALP_JG_LNC_TA,15-Oct-11,Nielsen,,ALP,,30,,32,34,26,32,23,,31,27,,29,31,,32,27,31,30,,,,,
43_ALP_JG_LNC_TA,15-Oct-11,Nielsen,,GRN,,12,,12,11,8,14,13,,13,9,,12,11,,17,15,12,6,,,,,
43_ALP_JG_LNC_TA,30-Sep-11,Newspoll,,COAL,,48,,50,44,50,43,50,,46,52,,50,46,,,,,,,41,46,54,
43_ALP_JG_LNC_TA,30-Sep-11,Newspoll,,OTH,,12,,11,9,14,15,13,,11,13,,12,12,,,,,,,12,13,11,
43_ALP_JG_LNC_TA,30-Sep-11,Newspoll,,ALP,,27,,26,32,26,28,24,,29,25,,27,28,,,,,,,27,26,29,
43_ALP_JG_LNC_TA,30-Sep-11,Newspoll,,GRN,,13,,13,15,10,14,13,,14,10,,11,14,,,,,,,20,15,6,
43_ALP_JG_LNC_TA,10-Sep-11,Nielsen,,IND,,6,,8,2,8,8,4,,6,7,,8,5,,6,7,7,5,,,,,
43_ALP_JG_LNC_TA,10-Sep-11,Nielsen,,FFP,,2,,2,3,3,2,2,,3,2,,2,3,,3,3,2,2,,,,,
43_ALP_JG_LNC_TA,10-Sep-11,Nielsen,,COAL,,48,,50,45,50,48,50,,46,50,,49,47,,43,44,44,56,,,,,
43_ALP_JG_LNC_TA,10-Sep-11,Nielsen,,OTH,,4,,3,3,5,6,3,,4,3,,5,3,,5,3,6,2,,,,,
43_ALP_JG_LNC_TA,10-Sep-11,Nielsen,,ALP,,27,,27,31,25,28,23,,27,28,,25,29,,25,28,26,29,,,,,
43_ALP_JG_LNC_TA,10-Sep-11,Nielsen,,GRN,,13,,11,16,10,9,18,,14,10,,11,14,,19,15,15,7,,,,,
43_ALP_JG_LNC_TA,13-Aug-11,Nielsen,,IND,,6,,7,5,7,8,4,,5,8,,8,5,,2,7,7,7,,,,,
43_ALP_JG_LNC_TA,13-Aug-11,Nielsen,,FFP,,2,,2,3,2,3,3,,3,2,,2,2,,4,3,2,1,,,,,
43_ALP_JG_LNC_TA,13-Aug-11,Nielsen,,COAL,,48,,47,40,55,52,54,,44,54,,50,46,,42,44,49,52,,,,,
43_ALP_JG_LNC_TA,13-Aug-11,Nielsen,,OTH,,3,,5,3,3,3,3,,4,3,,4,3,,4,4,5,2,,,,,
43_ALP_JG_LNC_TA,13-Aug-11,Nielsen,,ALP,,28,,25,35,25,26,31,,29,26,,26,30,,26,29,29,29,,,,,
43_ALP_JG_LNC_TA,13-Aug-11,Nielsen,,GRN,,12,,15,14,8,8,5,,14,8,,10,13,,21,14,9,8,,,,,
43_ALP_JG_LNC_TA,16-Jul-11,Nielsen,,IND,,6,,6,4,7,9,4,,5,7,,6,6,,5,5,7,5,,,,,
43_ALP_JG_LNC_TA,16-Jul-11,Nielsen,,FFP,,2,,<0.5,3,3,2,1,,1,2,,1,2,,2,3,1,1,,,,,
43_ALP_JG_LNC_TA,16-Jul-11,Nielsen,,COAL,,51,,50,47,56,53,53,,50,53,,53,50,,46,47,50,57,,,,,
43_ALP_JG_LNC_TA,16-Jul-11,Nielsen,,OTH,,5,,5,4,5,4,7,,4,6,,6,3,,3,7,4,4,,,,,
43_ALP_JG_LNC_TA,16-Jul-11,Nielsen,,ALP,,26,,26,30,21,27,24,,28,23,,24,28,,24,26,27,27,,,,,
43_ALP_JG_LNC_TA,16-Jul-11,Nielsen,,GRN,,11,,13,13,7,6,11,,11,10,,10,12,,20,12,11,6,,,,,
43_ALP_JG_LNC_TA,30-Jun-11,Newspoll,,COAL,,45,,45,42,48,42,49,,43,47,,48,42,,,,,,,39,45,49,
43_ALP_JG_LNC_TA,30-Jun-11,Newspoll,,OTH,,11,,14,8,11,12,11,,10,14,,12,11,,,,,,,13,11,10,
43_ALP_JG_LNC_TA,30-Jun-11,Newspoll,,ALP,,32,,30,37,31,34,27,,34,29,,30,34,,,,,,,30,32,33,
43_ALP_JG_LNC_TA,30-Jun-11,Newspoll,,GRN,,12,,11,13,10,12,13,,13,10,,10,13,,,,,,,18,12,8,
43_ALP_JG_LNC_TA,16-Jun-11,Nielsen,,IND,,4,,5,2,6,4,4,,3,7,,5,4,,2,3,7,5,,,,,
43_ALP_JG_LNC_TA,16-Jun-11,Nielsen,,FFP,,3,,2,2,4,5,3,,3,3,,2,3,,7,4,2,<0.5,,,,,
43_ALP_JG_LNC_TA,16-Jun-11,Nielsen,,OTH,,5,,5,5,4,4,5,,4,6,,5,4,,5,6,4,3,,,,,
43_ALP_JG_LNC_TA,16-Jun-11,Nielsen,,COAL,,49,,51,45,54,47,51,,48,50,,51,46,,28,50,50,55,,,,,
43_ALP_JG_LNC_TA,16-Jun-11,Nielsen,,ALP,,27,,26,30,22,30,24,,28,25,,26,28,,34,22,25,30,,,,,
43_ALP_JG_LNC_TA,16-Jun-11,Nielsen,,GRN,,12,,12,16,10,9,14,,15,9,,10,15,,24,15,12,6,,,,,
43_ALP_JG_LNC_TA,14-May-11,Nielsen,,OTH,,5,,6,3,4,4,6,,5,4,,5,4,,5,7,4,3,,,,,
43_ALP_JG_LNC_TA,14-May-11,Nielsen,,IND,,6,,8,4,6,7,5,,5,7,,6,7,,1,5,7,8,,,,,
43_ALP_JG_LNC_TA,14-May-11,Nielsen,,FFP,,2,,1,2,2,4,4,,2,1,,2,2,,3,4,1,1,,,,,
43_ALP_JG_LNC_TA,14-May-11,Nielsen,,COAL,,47,,48,47,49,45,39,,45,49,,51,42,,40,42,45,54,,,,,
43_ALP_JG_LNC_TA,14-May-11,Nielsen,,ALP,,31,,28,34,31,30,35,,33,29,,29,33,,34,30,33,29,,,,,
43_ALP_JG_LNC_TA,14-May-11,Nielsen,,GRN,,10,,9,10,7,11,12,,10,9,,8,11,,17,12,9,5,,,,,
43_ALP_JG_LNC_TA,10-May-11,Nielsen,,OTH,,4,,5,3,4,3,4,,3,4,,3,4,,4,4,4,3,,,,,
43_ALP_JG_LNC_TA,10-May-11,Nielsen,,ALP,,28,,25,40,18,24,25,,30,24,,25,30,,33,30,25,26,,,,,
43_ALP_JG_LNC_TA,10-May-11,Nielsen,,COAL,,49,,53,39,56,47,53,,49,48,,54,44,,34,45,50,57,,,,,
43_ALP_JG_LNC_TA,10-May-11,Nielsen,,IND,,5,,5,4,8,16,6,,5,6,,6,5,,4,6,6,5,,,,,
43_ALP_JG_LNC_TA,10-May-11,Nielsen,,FFP,,3,,1,4,3,4,3,,2,4,,3,3,,6,3,3,1,,,,,
43_ALP_JG_LNC_TA,10-May-11,Nielsen,,GRN,,12,,12,11,11,16,9,,11,13,,9,14,,20,12,12,9,,,,,
43_ALP_JG_LNC_TA,16-Apr-11,Nielsen,,OTH,,3,,3,2,2,2,3,,3,2,,3,2,,3,3,2,2,,,,,
43_ALP_JG_LNC_TA,16-Apr-11,Nielsen,,ALP,,31,,27,35,29,36,28,,32,29,,30,32,,31,29,31,32,,,,,
43_ALP_JG_LNC_TA,16-Apr-11,Nielsen,,COAL,,47,,51,46,46,39,50,,48,45,,50,45,,42,43,46,54,,,,,
43_ALP_JG_LNC_TA,16-Apr-11,Nielsen,,IND,,6,,7,2,6,9,4,,4,9,,4,7,,2,5,7,6,,,,,
43_ALP_JG_LNC_TA,16-Apr-11,Nielsen,,FFP,,2,,1,2,4,3,3,,2,3,,2,3,,3,4,2,1,,,,,
43_ALP_JG_LNC_TA,16-Apr-11,Nielsen,,GRN,,12,,11,13,12,11,11,,12,12,,11,12,,19,15,12,6,,,,,
43_ALP_JG_LNC_TA,31-Mar-11,Newspoll,,OTH,,11,,12,7,14,10,8,,8,14,,11,10,,,,,,,10,11,10,
43_ALP_JG_LNC_TA,31-Mar-11,Newspoll,,ALP,,34,,33,36,31,34,35,,34,33,,34,34,,,,,,,32,36,34,
43_ALP_JG_LNC_TA,31-Mar-11,Newspoll,,COAL,,42,,43,41,43,40,44,,43,42,,43,41,,,,,,,36,38,49,
43_ALP_JG_LNC_TA,31-Mar-11,Newspoll,,GRN,,13,,12,16,12,16,13,,15,11,,12,15,,,,,,,22,15,7,
43_ALP_JG_LNC_TA,12-Mar-11,Nielsen,,OTH,,3,,3,3,4,2,4,,3,4,,4,2,,4,3,3,3,,,,,
43_ALP_JG_LNC_TA,12-Mar-11,Nielsen,,ALP,,33,,29,38,31,37,36,,35,29,,31,35,,35,32,36,30,,,,,
43_ALP_JG_LNC_TA,12-Mar-11,Nielsen,,COAL,,45,,48,40,47,45,46,,44,47,,47,44,,38,38,44,55,,,,,
43_ALP_JG_LNC_TA,12-Mar-11,Nielsen,,IND,,5,,6,4,5,4,1,,3,7,,5,4,,3,4,5,5,,,,,
43_ALP_JG_LNC_TA,12-Mar-11,Nielsen,,FFP,,2,,1,3,3,3,2,,1,3,,2,2,,1,5,1,1,,,,,
43_ALP_JG_LNC_TA,12-Mar-11,Nielsen,,GRN,,12,,14,12,10,8,10,,13,10,,11,12,,18,17,11,6,,,,,
43_ALP_JG_LNC_TA,12-Feb-11,Nielsen,,OTH,,3,,3,3,4,5,3,,4,3,,4,3,,7,5,3,1,,,,,
43_ALP_JG_LNC_TA,12-Feb-11,Nielsen,,ALP,,32,,31,37,28,33,27,,34,28,,31,32,,40,31,26,34,,,,,
43_ALP_JG_LNC_TA,12-Feb-11,Nielsen,,COAL,,46,,48,43,51,42,48,,45,48,,45,48,,26,44,50,53,,,,,
43_ALP_JG_LNC_TA,12-Feb-11,Nielsen,,IND,,4,,5,3,6,7,1,,3,7,,5,4,,2,3,7,4,,,,,
43_ALP_JG_LNC_TA,12-Feb-11,Nielsen,,FFP,,2,,1,1,3,3,2,,1,2,,1,2,,2,2,2,1,,,,,
43_ALP_JG_LNC_TA,12-Feb-11,Nielsen,,GRN,,12,,11,13,8,10,8,,13,12,,13,12,,22,15,12,6,,,,,
43_ALP_JG_LNC_TA,31-Dec-10,Newspoll,,OTH,,10,,10,7,13,11,11,,8,13,,10,10,,,,,,,11,11,9,
43_ALP_JG_LNC_TA,31-Dec-10,Newspoll,,ALP,,34,,34,37,34,35,30,,35,33,,34,36,,,,,,,32,37,34,
43_ALP_JG_LNC_TA,31-Dec-10,Newspoll,,COAL,,42,,44,39,41,41,46,,41,43,,43,40,,,,,,,36,37,39,
43_ALP_JG_LNC_TA,31-Dec-10,Newspoll,,GRN,,14,,12,17,12,13,13,,16,11,,13,14,,,,,,,21,15,8,
43_ALP_JG_LNC_TA,20-Nov-10,Nielsen,,OTH,,3,,3,3,4,2,2,,3,3,,3,3,,5,4,2,2,,,,,
43_ALP_JG_LNC_TA,20-Nov-10,Nielsen,,ALP,,35,,33,37,34,35,32,,34,37,,34,36,,37,37,36,32,,,,,
43_ALP_JG_LNC_TA,20-Nov-10,Nielsen,,GRN,,13,,13,16,9,14,15,,15,11,,13,13,,25,17,10,7,,,,,
43_ALP_JG_LNC_TA,20-Nov-10,Nielsen,,COAL,,43,,47,40,45,41,46,,44,42,,43,43,,29,36,43,54,,,,,
43_ALP_JG_LNC_TA,20-Nov-10,Nielsen,,IND,,4,,4,3,6,7,3,,4,5,,5,3,,2,3,6,4,,,,,
43_ALP_JG_LNC_TA,20-Nov-10,Nielsen,,FFP,,1,,<0.5,2,2,2,2,,1,1,,1,2,,1,2,2,1,,,,,
43_ALP_JG_LNC_TA,23-Oct-10,Nielsen,,OTH,,2,,3,2,3,3,1,,2,3,,3,2,,3,5,2,1,,,,,
43_ALP_JG_LNC_TA,23-Oct-10,Nielsen,,ALP,,34,,29,38,36,38,34,,35,34,,33,35,,30,34,37,34,,,,,
43_ALP_JG_LNC_TA,23-Oct-10,Nielsen,,GRN,,14,,11,18,9,20,14,,15,12,,12,16,,21,16,15,8,,,,,
43_ALP_JG_LNC_TA,23-Oct-10,Nielsen,,COAL,,43,,50,36,45,33,49,,43,43,,45,42,,40,41,40,50,,,,,
43_ALP_JG_LNC_TA,23-Oct-10,Nielsen,,IND,,4,,6,3,5,3,1,,3,7,,6,3,,3,3,5,6,,,,,
43_ALP_JG_LNC_TA,23-Oct-10,Nielsen,,FFP,,2,,<0.5,2,2,4,1,,1,2,,1,2,,2,2,1,1,,,,,
42_ALP_JG_LNC_TA,19-Aug-10,Nielsen,,GRN,,13,,12,17,11,13,13,,,,,,,,,,,,,,,,
42_ALP_JG_LNC_TA,19-Aug-10,Nielsen,,ALP,,39,,39,41,37,36,33,,41,34,,36,41,,36,41,37,39,,,,,
42_ALP_JG_LNC_TA,19-Aug-10,Nielsen,,COAL,,41.5,,42,35,45,43,50,,38,46,,43,40,,28,37,46,47,,,,,
42_ALP_JG_LNC_TA,19-Aug-10,Nielsen,,DEM,,1,,1,1,0,1,0,,1,1,,1,1,,0.5,1,0.5,1,,,,,
42_ALP_JG_LNC_TA,19-Aug-10,Nielsen,,GRN,,13,,12,17,11,13,13,,14,12,,13,13,,29,15,9,10,,,,,
42_ALP_JG_LNC_TA,19-Aug-10,Nielsen,,IND,,2,,3,2,2,3,1,,2,3,,3,2,,2,2,4,1,,,,,
42_ALP_JG_LNC_TA,19-Aug-10,Nielsen,,FFP,,1.5,,1,2,1,3,1,,2,1,,2,1,,1,2,1,2,,,,,
42_ALP_JG_LNC_TA,19-Aug-10,Nielsen,,OTH,,2,,3,1,4,0,1,,2,3,,3,2,,3,3,3,1,,,,,
42_ALP_JG_LNC_TA,15-Aug-10,Newspoll,,ALP,,38,,39,41,35,43,31,,38,38,,36,40,,,,,,,35,42,37,
42_ALP_JG_LNC_TA,15-Aug-10,Newspoll,,GRN,,14,,13,14,13,12,14,,14,13,,12,15,,,,,,,19,15,9,
42_ALP_JG_LNC_TA,15-Aug-10,Newspoll,,COAL,,42,,41,40,43,37,51,,43,40,,45,39,,,,,,,38,38,48,
42_ALP_JG_LNC_TA,12-Aug-10,Nielsen,,GRN,,12,,13,14,9,12,13,,14,10,,10,15,,19,15,12,9,,,,,
42_ALP_JG_LNC_TA,08-Aug-10,Newspoll,,ALP,,38,,39,41,35,44,28,,38,38,,36,39,,,,,,,36,43,36,
42_ALP_JG_LNC_TA,08-Aug-10,Newspoll,,GRN,,12,,11,15,10,11,14,,14,11,,11,14,,,,,,,17,15,8,
42_ALP_JG_LNC_TA,08-Aug-10,Newspoll,,COAL,,43,,43,39,46,39,52,,42,43,,45,42,,,,,,,38,38,50,
42_ALP_JG_LNC_TA,05-Aug-10,Nielsen,,GRN,,13,,11,16,14,15,9,,14,13,,13,14,,20,14,15,9,,,,,
42_ALP_JG_LNC_TA,05-Aug-10,Nielsen,,ALP,,36,,40,39,26,44,30,,38,34,,32,40,,35,37,37,35,,,,,
42_ALP_JG_LNC_TA,05-Aug-10,Nielsen,,COAL,,44,,43,41,49,33,59,,43,45,,49,40,,35,44,40,50,,,,,
42_ALP_JG_LNC_TA,05-Aug-10,Nielsen,,IND,,2,,3,1,6,2,0,,2,3,,2,3,,2,2,4,2,,,,,
42_ALP_JG_LNC_TA,05-Aug-10,Nielsen,,FFP,,1,,0,2,3,3,0,,1,2,,1,2,,2,0,2,1,,,,,
42_ALP_JG_LNC_TA,05-Aug-10,Nielsen,,OTH,,3,,4,3,1,3,3,,3,3,,3,2,,5,3,2,3,,,,,
42_ALP_JG_LNC_TA,01-Aug-10,Newspoll,,ALP,,39,,38,42,36,46,33,,38,39,,37,40,,,,,,,38,43,37,
42_ALP_JG_LNC_TA,01-Aug-10,Newspoll,,GRN,,12,,10,17,9,9,15,,15,8,,11,13,,,,,,,17,12,8,
42_ALP_JG_LNC_TA,01-Aug-10,Newspoll,,COAL,,43,,45,36,48,38,47,,41,46,,45,41,,,,,,,37,40,49,
42_ALP_JG_LNC_TA,29-Jul-10,Nielsen,,ALP,,36,,33,40,37,36,34,,38,33,,35,36,,39,37,39,31,,,,,
42_ALP_JG_LNC_TA,29-Jul-10,Nielsen,,COAL,,45,,50,40,41,48,55,,43,49,,46,45,,29,42,41,57,,,,,
42_ALP_JG_LNC_TA,29-Jul-10,Nielsen,,GRN,,12,,10,15,12,10,8,,13,11,,11,13,,26,13,11,8,,,,,
42_ALP_JG_LNC_TA,29-Jul-10,Nielsen,,IND,,3,,4,1,4,3,2,,2,4,,4,2,,2,3,5,2,,,,,
42_ALP_JG_LNC_TA,29-Jul-10,Nielsen,,FFP,,1,,1,2,1,3,1,,1,2,,1,2,,2,2,1,1,,,,,
42_ALP_JG_LNC_TA,29-Jul-10,Nielsen,,OTH,,2,,3,2,4,0,0,,2,1,,2,1,,1,3,3,1,,,,,
42_ALP_JG_LNC_TA,22-Jul-10,Nielsen,,GRN,,12,,13,13,11,9,11,,13,11,,12,13,,21,14,11,8,,,,,
42_ALP_JG_LNC_TA,22-Jul-10,Nielsen,,ALP,,42,,46,44,33,46,34,,43,40,,39,44,,52,44,40,38,,,,,
42_ALP_JG_LNC_TA,22-Jul-10,Nielsen,,COAL,,41,,36,40,47,38,51,,40,42,,42,39,,22,37,42,49,,,,,
42_ALP_JG_LNC_TA,22-Jul-10,Nielsen,,IND,,3,,3,1,4,3,1,,2,3,,3,2,,2,2,3,3,,,,,
42_ALP_JG_LNC_TA,22-Jul-10,Nielsen,,FFP,,1,,1,1,2,3,0,,1,2,,1,1,,1,1,2,1,,,,,
42_ALP_JG_LNC_TA,22-Jul-10,Nielsen,,OTH,,1,,1,0,2,1,3,,1,2,,2,1,,2,2,1,0,,,,,
42_ALP_JG_LNC_TA,10-Jul-10,Nielsen,,GRN,,13,,9,14,13,11,16,,13,13,,13,12,,16,14,14,9,,,,,
42_ALP_JG_LNC_TA,30-Jun-10,Newspoll,,OTH,,9,,9,7,11,13,8,,8,11,,9,9,,,,,,,8,9,10,
42_ALP_JG_LNC_TA,30-Jun-10,Newspoll,,ALP,,37,,38,40,37,34,31,,38,37,,36,38,,,,,,,39,36,37,
42_ALP_JG_LNC_TA,30-Jun-10,Newspoll,,GRN,,13,,12,14,9,12,16,,14,10,,12,14,,,,,,,19,13,8,
42_ALP_JG_LNC_TA,30-Jun-10,Newspoll,,COAL,,41,,41,39,43,41,45,,40,42,,43,39,,,,,,,34,42,45,
42_ALP_JG_LNC_TA,25-Jun-10,Nielsen,,GRN,,8,,9,8,6,4,5,,8,7,,8,7,,12,11,7,4,,,,,
42_ALP_JG_LNC_TA,25-Jun-10,Nielsen,,ALP,,47,,43,59,40,41,42,,48,44,,47,47,,50,47,47,45,,,,,
42_ALP_JG_LNC_TA,25-Jun-10,Nielsen,,COAL,,42,,44,30,48,51,50,,40,44,,41,43,,34,38,43,47,,,,,
42_ALP_JG_LNC_TA,25-Jun-10,Nielsen,,IND,,2,,2,1,3,1,0,,2,2,,1,2,,1,2,2,2,,,,,
42_ALP_JG_LNC_TA,25-Jun-10,Nielsen,,FFP,,1,,1,0,2,0,2,,1,1,,1,1,,2,2,0,0,,,,,
42_ALP_JG_LNC_TA,25-Jun-10,Nielsen,,OTH,,1,,0,2,1,2,1,,1,1,,2,0,,1,1,1,1,,,,,
42_ALP_JG_LNC_TA,25-Jun-10,Nielsen,,ALP,,47,,43,59,40,41,42,,48,44,,47,47,,50,47,47,45,,,,,
42_ALP_JG_LNC_TA,25-Jun-10,Nielsen,,COAL,,42,,44,30,48,51,50,,40,44,,41,43,,34,38,43,47,,,,,
42_ALP_JG_LNC_TA,25-Jun-10,Nielsen,,GRN,,8,,9,8,6,4,5,,8,7,,8,7,,12,11,7,4,,,,,
42_ALP_JG_LNC_TA,25-Jun-10,Nielsen,,IND,,2,,2,1,3,1,0,,2,2,,1,2,,1,2,2,2,,,,,
42_ALP_JG_LNC_TA,25-Jun-10,Nielsen,,FFP,,1,,1,0,2,0,2,,1,1,,1,1,,2,2,0,0,,,,,
42_ALP_JG_LNC_TA,25-Jun-10,Nielsen,,OTH,,1,,0,2,1,2,1,,1,1,,2,0,,1,1,1,1,,,,,
42_ALP_KR_LNC_TA,05-Jun-10,Nielsen,,GRN,,15,,14,18,13,13,13,,17,12,,15,15,,20,18,15,10,,,,,
42_ALP_KR_LNC_TA,08-May-10,Nielsen,,GRN,,13,,11,14,11,17,12,,14,11,,14,11,,17,17,12,8,,,,,
42_ALP_KR_LNC_TA,17-Apr-10,Nielsen,,GRN,,12,,10,15,10,12,13,,14,10,,13,12,,17,17,13,6,,,,,
42_ALP_KR_LNC_TA,17-Apr-10,Nielsen,,ALP,,39,,38,41,40,38,35,,37,41,,40,38,,50,38,40,34,,,,,
42_ALP_KR_LNC_TA,17-Apr-10,Nielsen,,COAL,,42,,45,38,41,42,45,,42,42,,40,44,,25,37,40,54,,,,,
42_ALP_KR_LNC_TA,17-Apr-10,Nielsen,,IND,,3,,4,2,3,3,4,,3,4,,3,3,,0,3,4,4,,,,,
42_ALP_KR_LNC_TA,17-Apr-10,Nielsen,,FFP,,1,,1,1,2,2,1,,1,1,,1,1,,3,2,1,0,,,,,
42_ALP_KR_LNC_TA,17-Apr-10,Nielsen,,OTH,,3,,3,2,4,3,3,,3,2,,3,3,,4,4,2,2,,,,,
42_ALP_KR_LNC_TA,31-Mar-10,Newspoll,,ALP,,40,,40,42,40,42,38,,42,39,,40,41,,,,,,,44,43,37,
42_ALP_KR_LNC_TA,31-Mar-10,Newspoll,,OTH,,9,,10,7,10,11,5,,8,10,,9,8,,,,,,,8,9,9,
42_ALP_KR_LNC_TA,31-Mar-10,Newspoll,,ALP,,40,,40,42,40,42,38,,42,39,,40,41,,,,,,,44,43,37,
42_ALP_KR_LNC_TA,31-Mar-10,Newspoll,,GRN,,11,,11,13,10,9,12,,12,9,,11,12,,,,,,,17,11,7,
42_ALP_KR_LNC_TA,31-Mar-10,Newspoll,,GRN,,11,,11,13,10,9,12,,12,9,,11,12,,,,,,,17,11,7,
42_ALP_KR_LNC_TA,31-Mar-10,Newspoll,,COAL,,40,,39,38,40,38,45,,38,42,,40,39,,,,,,,31,37,47,
42_ALP_KR_LNC_TA,31-Mar-10,Newspoll,,COAL,,40,,39,38,40,38,45,,38,42,,40,39,,,,,,,31,37,47,
42_ALP_KR_LNC_TA,06-Mar-10,Nielsen,,GRN,,9,,8,13,7,6,7,,9,9,,8,9,,16,10,9,6,,,,,
42_ALP_KR_LNC_TA,06-Feb-10,Nielsen,,GRN,,10,,9,10,11,9,12,,11,9,,10,11,,16,12,12,5,,,,,
42_ALP_KR_LNC_TA,06-Feb-10,Nielsen,,ALP,,42,,39,45,44,47,42,,45,38,,40,44,,43,44,38,44,,,,,
42_ALP_KR_LNC_TA,06-Feb-10,Nielsen,,COAL,,41,,45,38,39,34,41,,38,44,,42,39,,33,39,41,45,,,,,
42_ALP_KR_LNC_TA,06-Feb-10,Nielsen,,IND,,3,,3,2,3,4,1,,2,3,,3,2,,2,2,3,3,,,,,
42_ALP_KR_LNC_TA,06-Feb-10,Nielsen,,FFP,,2,,1,4,1,1,0,,1,2,,2,1,,3,1,3,1,,,,,
42_ALP_KR_LNC_TA,06-Feb-10,Nielsen,,OTH,,3,,3,1,2,5,3,,2,3,,3,2,,4,3,3,2,,,,,
42_ALP_KR_LNC_TA,31-Dec-09,Newspoll,,ALP,,45,,43,46,45,45,40,,46,41,,44,45,,,,,,,45,47,42,
42_ALP_KR_LNC_TA,31-Dec-09,Newspoll,,GRN,,11,,11,12,9,9,13,,12,10,,10,12,,,,,,,17,11,7,
42_ALP_KR_LNC_TA,31-Dec-09,Newspoll,,OTH,,8,,9,7,9,12,7,,8,9,,9,8,,,,,,,7,9,9,
42_ALP_KR_LNC_TA,31-Dec-09,Newspoll,,COAL,,36,,37,35,37,34,40,,34,40,,37,35,,,,,,,31,33,42,
42_ALP_KR_LNC_MT,28-Nov-09,Nielsen,,ALP,,42,,38,46,42,41,41,,42,43,,42,42,,44,39,48,39,,,,,
42_ALP_KR_LNC_MT,28-Nov-09,Nielsen,,COAL,,37,,40,32,42,39,37,,36,39,,36,38,,35,35,31,45,,,,,
42_ALP_KR_LNC_MT,28-Nov-09,Nielsen,,GRN,,13,,14,12,9,13,13,,13,12,,13,12,,14,17,14,7,,,,,
42_ALP_KR_LNC_MT,28-Nov-09,Nielsen,,IND,,4,,5,4,4,4,4,,4,4,,4,4,,3,3,3,6,,,,,
42_ALP_KR_LNC_MT,28-Nov-09,Nielsen,,FFP,,2,,2,4,0,3,1,,2,2,,2,2,,1,3,2,1,,,,,
42_ALP_KR_LNC_MT,28-Nov-09,Nielsen,,OTH,,3,,3,3,2,0,3,,3,2,,2,2,,2,3,2,2,,,,,
42_ALP_KR_LNC_MT,07-Nov-09,Nielsen,,ALP,,45,,45,44,50,38,44,,46,43,,44,46,,48,48,45,42,,,,,
42_ALP_KR_LNC_MT,07-Nov-09,Nielsen,,COAL,,38,,40,35,38,47,36,,36,43,,38,39,,30,32,38,47,,,,,
42_ALP_KR_LNC_MT,07-Nov-09,Nielsen,,GRN,,9,,9,12,5,8,11,,11,7,,10,8,,13,11,11,6,,,,,
42_ALP_KR_LNC_MT,07-Nov-09,Nielsen,,IND,,2,,3,3,3,3,2,,2,3,,4,1,,2,3,2,2,,,,,
42_ALP_KR_LNC_MT,07-Nov-09,Nielsen,,FFP,,2,,1,3,2,2,2,,2,2,,1,2,,5,2,1,1,,,,,
42_ALP_KR_LNC_MT,07-Nov-09,Nielsen,,OTH,,3,,2,2,2,3,6,,3,3,,3,2,,2,6,2,2,,,,,
42_ALP_KR_LNC_MT,10-Oct-09,Nielsen,,ALP,,46,,45,48,50,40,44,,49,42,,45,47,,43,48,50,42,,,,,
42_ALP_KR_LNC_MT,10-Oct-09,Nielsen,,COAL,,37,,39,33,39,32,43,,34,41,,37,36,,34,32,32,46,,,,,
42_ALP_KR_LNC_MT,10-Oct-09,Nielsen,,GRN,,10,,8,11,6,12,10,,11,8,,9,10,,14,13,9,5,,,,,
42_ALP_KR_LNC_MT,10-Oct-09,Nielsen,,IND,,3,,4,2,3,9,2,,3,4,,3,3,,1,2,4,4,,,,,
42_ALP_KR_LNC_MT,10-Oct-09,Nielsen,,FFP,,1,,1,3,0,2,0,,1,2,,1,2,,5,2,1,1,,,,,
42_ALP_KR_LNC_MT,10-Oct-09,Nielsen,,OTH,,3,,2,4,3,4,1,,2,3,,4,2,,4,4,2,1,,,,,
42_ALP_KR_LNC_MT,30-Sep-09,Newspoll,,ALP,,44,,43,46,43,48,43,,47,39,,44,45,,,,,,,45,44,44,
42_ALP_KR_LNC_MT,30-Sep-09,Newspoll,,GRN,,10,,10,12,7,9,11,,11,8,,10,10,,,,,,,14,11,6,
42_ALP_KR_LNC_MT,30-Sep-09,Newspoll,,OTH,,8,,9,6,8,10,5,,7,9,,8,7,,,,,,,8,7,8,
42_ALP_KR_LNC_MT,30-Sep-09,Newspoll,,COAL,,38,,38,36,42,33,41,,35,44,,38,38,,,,,,,33,38,42,
42_ALP_KR_LNC_MT,12-Sep-09,Nielsen,,ALP,,44,,43,48,45,45,34,,44,45,,46,43,,40,46,47,43,,,,,
42_ALP_KR_LNC_MT,12-Sep-09,Nielsen,,COAL,,40,,42,33,41,38,48,,40,40,,39,40,,40,32,38,48,,,,,
42_ALP_KR_LNC_MT,12-Sep-09,Nielsen,,GRN,,8,,7,11,6,5,11,,9,7,,7,9,,12,12,8,4,,,,,
42_ALP_KR_LNC_MT,12-Sep-09,Nielsen,,IND,,4,,3,3,4,7,2,,4,3,,4,3,,3,4,4,3,,,,,
42_ALP_KR_LNC_MT,12-Sep-09,Nielsen,,FFP,,2,,1,2,1,4,2,,2,1,,2,1,,4,2,1,1,,,,,
42_ALP_KR_LNC_MT,12-Sep-09,Nielsen,,OTH,,3,,3,3,2,1,3,,1,4,,2,3,,1,4,2,2,,,,,
42_ALP_KR_LNC_MT,15-Aug-09,Nielsen,,ALP,,46,,46,49,38,48,53,,50,41,,43,50,,47,49,51,41,,,,,
42_ALP_KR_LNC_MT,15-Aug-09,Nielsen,,COAL,,38,,37,35,46,35,33,,35,41,,40,35,,31,32,36,47,,,,,
42_ALP_KR_LNC_MT,15-Aug-09,Nielsen,,GRN,,8,,9,8,7,5,6,,7,8,,7,8,,9,9,9,6,,,,,
42_ALP_KR_LNC_MT,15-Aug-09,Nielsen,,IND,,3,,4,1,3,6,2,,2,4,,4,2,,5,3,2,3,,,,,
42_ALP_KR_LNC_MT,15-Aug-09,Nielsen,,FFP,,2,,1,3,2,5,3,,2,3,,2,2,,5,4,1,1,,,,,
42_ALP_KR_LNC_MT,15-Aug-09,Nielsen,,OTH,,3,,3,3,3,1,3,,3,3,,3,2,,2,4,2,3,,,,,
42_ALP_KR_LNC_MT,30-Jun-09,Newspoll,,ALP,,45,,46,46,44,45,38,,45,43,,44,45,,,,,,,45,45,44,
42_ALP_KR_LNC_MT,30-Jun-09,Newspoll,,GRN,,10,,8,11,9,10,11,,11,9,,10,10,,,,,,,14,11,7,
42_ALP_KR_LNC_MT,30-Jun-09,Newspoll,,OTH,,8,,9,7,9,10,9,,8,9,,9,8,,,,,,,9,9,7,
42_ALP_KR_LNC_MT,30-Jun-09,Newspoll,,COAL,,37,,37,36,38,35,42,,36,39,,37,37,,,,,,,32,35,42,
42_ALP_KR_LNC_MT,27-Jun-09,Nielsen,,ALP,,46,,47,46,47,45,40,,47,45,,46,46,,47,47,49,42,,,,,
42_ALP_KR_LNC_MT,27-Jun-09,Nielsen,,COAL,,37,,35,39,35,37,41,,36,37,,36,37,,29,32,35,45,,,,,
42_ALP_KR_LNC_MT,27-Jun-09,Nielsen,,GRN,,10,,11,8,10,8,10,,10,9,,10,10,,15,12,11,5,,,,,
42_ALP_KR_LNC_MT,27-Jun-09,Nielsen,,IND,,3,,4,3,3,1,1,,2,4,,4,2,,1,3,2,4,,,,,
42_ALP_KR_LNC_MT,27-Jun-09,Nielsen,,FFP,,2,,1,3,2,6,2,,2,3,,1,3,,5,2,2,1,,,,,
42_ALP_KR_LNC_MT,27-Jun-09,Nielsen,,OTH,,2,,2,2,3,3,6,,3,3,,3,2,,3,4,2,2,,,,,
42_ALP_KR_LNC_MT,16-May-09,Nielsen,,ALP,,44,,45,41,46,44,37,,44,44,,46,42,,43,48,48,37,,,,,
42_ALP_KR_LNC_MT,16-May-09,Nielsen,,COAL,,43,,43,46,40,40,50,,42,43,,41,44,,35,37,40,53,,,,,
42_ALP_KR_LNC_MT,16-May-09,Nielsen,,GRN,,8,,6,7,8,6,11,,9,6,,7,8,,15,9,8,4,,,,,
42_ALP_KR_LNC_MT,16-May-09,Nielsen,,IND,,2,,2,2,2,7,1,,2,2,,3,2,,2,2,3,2,,,,,
42_ALP_KR_LNC_MT,16-May-09,Nielsen,,FFP,,1,,1,1,2,1,0,,1,1,,0,2,,3,1,0,1,,,,,
42_ALP_KR_LNC_MT,16-May-09,Nielsen,,OTH,,2,,2,3,2,3,2,,2,3,,3,2,,3,3,2,2,,,,,
42_ALP_KR_LNC_MT,31-Mar-09,Newspoll,,ALP,,45,,45,47,46,44,39,,47,42,,44,46,,,,,,,46,48,43,
42_ALP_KR_LNC_MT,31-Mar-09,Newspoll,,GRN,,9,,10,10,7,8,11,,10,8,,9,10,,,,,,,14,10,5,
42_ALP_KR_LNC_MT,31-Mar-09,Newspoll,,OTH,,9,,10,7,8,13,9,,7,11,,8,10,,,,,,,9,10,8,
42_ALP_KR_LNC_MT,31-Mar-09,Newspoll,,COAL,,37,,35,36,39,35,41,,36,39,,39,34,,,,,,,31,32,44,
42_ALP_KR_LNC_MT,27-Mar-09,Nielsen,,ALP,,47,,44,51,48,38,48,,49,42,,45,48,,50,46,49,43,,,,,
42_ALP_KR_LNC_MT,27-Mar-09,Nielsen,,COAL,,37,,38,31,41,39,44,,35,41,,39,35,,28,35,34,45,,,,,
42_ALP_KR_LNC_MT,27-Mar-09,Nielsen,,GRN,,10,,11,10,7,7,8,,10,9,,10,10,,14,12,11,5,,,,,
42_ALP_KR_LNC_MT,27-Mar-09,Nielsen,,IND,,2,,2,2,2,9,0,,2,3,,3,2,,3,2,2,3,,,,,
42_ALP_KR_LNC_MT,27-Mar-09,Nielsen,,FFP,,1,,1,3,1,3,1,,1,2,,1,2,,2,2,2,1,,,,,
42_ALP_KR_LNC_MT,27-Mar-09,Nielsen,,OTH,,3,,3,3,1,5,0,,3,3,,3,2,,4,3,3,2,,,,,
42_ALP_KR_LNC_MT,31-Dec-08,Newspoll,,ALP,,44,,41,44,49,47,40,,45,42,,44,43,,,,,,,46,43,42,
42_ALP_KR_LNC_MT,31-Dec-08,Newspoll,,GRN,,10,,11,11,7,9,12,,10,10,,9,12,,,,,,,14,12,7,
42_ALP_KR_LNC_MT,31-Dec-08,Newspoll,,OTH,,8,,10,7,7,9,7,,8,9,,8,9,,,,,,,8,9,8,
42_ALP_KR_LNC_MT,31-Dec-08,Newspoll,,COAL,,38,,38,38,37,35,41,,37,39,,39,36,,,,,,,32,36,43,
42_ALP_KR_LNC_MT,15-Nov-08,Nielsen,,ALP,,45,,47,46,38,46,44,,48,40,,45,45,,47,45,46,42,,,,,
42_ALP_KR_LNC_MT,15-Nov-08,Nielsen,,COAL,,39,,38,39,45,39,40,,36,43,,37,41,,32,37,37,45,,,,,
42_ALP_KR_LNC_MT,15-Nov-08,Nielsen,,GRN,,10,,8,10,10,6,10,,10,9,,11,9,,14,11,9,8,,,,,
42_ALP_KR_LNC_MT,15-Nov-08,Nielsen,,IND,,2,,3,2,2,4,2,,2,3,,3,1,,3,2,3,3,,,,,
42_ALP_KR_LNC_MT,15-Nov-08,Nielsen,,FFP,,1,,1,1,2,4,0,,1,2,,1,2,,2,2,2,0,,,,,
42_ALP_KR_LNC_MT,15-Nov-08,Nielsen,,OTH,,3,,3,2,4,1,4,,3,2,,3,2,,3,3,3,3,,,,,
42_ALP_KR_LNC_MT,18-Oct-08,Nielsen,,ALP,,46,,44,46,47,48,41,,46,44,,45,47,,43,47,47,44,,,,,
42_ALP_KR_LNC_MT,18-Oct-08,Nielsen,,COAL,,39,,43,38,36,36,45,,39,39,,40,38,,30,34,38,47,,,,,
42_ALP_KR_LNC_MT,18-Oct-08,Nielsen,,GRN,,9,,7,10,7,10,10,,9,8,,9,9,,15,10,11,4,,,,,
42_ALP_KR_LNC_MT,18-Oct-08,Nielsen,,IND,,3,,4,1,4,2,2,,2,4,,3,2,,3,3,2,3,,,,,
42_ALP_KR_LNC_MT,18-Oct-08,Nielsen,,FFP,,1,,1,2,2,3,0,,1,2,,0,2,,2,3,1,1,,,,,
42_ALP_KR_LNC_MT,18-Oct-08,Nielsen,,OTH,,3,,1,3,4,2,2,,2,3,,3,2,,6,3,1,2,,,,,
42_ALP_KR_LNC_MT,30-Sep-08,Newspoll,,ALP,,45,,45,46,47,41,34,,46,42,,44,45,,,,,,,50,45,41,
42_ALP_KR_LNC_MT,30-Sep-08,Newspoll,,GRN,,10,,10,12,7,8,12,,11,8,,9,10,,,,,,,13,11,7,
42_ALP_KR_LNC_MT,30-Sep-08,Newspoll,,OTH,,8,,9,6,8,13,8,,7,10,,9,8,,,,,,,7,8,9,
42_ALP_KR_LNC_MT,30-Sep-08,Newspoll,,COAL,,37,,36,36,38,38,46,,36,40,,38,37,,,,,,,30,36,43,
42_ALP_KR_LNC_MT,20-Sep-08,Nielsen,,ALP,,41,,39,41,47,40,32,,40,43,,44,38,,39,43,41,39,,,,,
42_ALP_KR_LNC_MT,20-Sep-08,Nielsen,,COAL,,42,,43,43,40,43,50,,42,43,,41,43,,39,36,40,51,,,,,
42_ALP_KR_LNC_MT,20-Sep-08,Nielsen,,GRN,,9,,9,10,5,6,11,,10,9,,8,11,,14,12,11,4,,,,,
42_ALP_KR_LNC_MT,20-Sep-08,Nielsen,,IND,,3,,5,1,3,5,2,,3,4,,3,3,,2,3,3,4,,,,,
42_ALP_KR_LNC_MT,20-Sep-08,Nielsen,,FFP,,2,,2,4,1,2,1,,3,1,,2,3,,4,3,2,0,,,,,
42_ALP_KR_LNC_MT,20-Sep-08,Nielsen,,OTH,,2,,2,1,4,4,4,,2,2,,2,2,,2,4,2,2,,,,,
42_ALP_KR_LNC_BN,30-Jun-08,Newspoll,,ALP,,47,,49,47,46,49,39,,49,44,,49,46,,,,,,,49,50,45,
42_ALP_KR_LNC_BN,30-Jun-08,Newspoll,,GRN,,10,,9,12,8,9,12,,11,8,,9,10,,,,,,,14,11,6,
42_ALP_KR_LNC_BN,30-Jun-08,Newspoll,,OTH,,7,,7,6,8,9,8,,6,9,,7,7,,,,,,,6,9,7,
42_ALP_KR_LNC_BN,30-Jun-08,Newspoll,,COAL,,36,,35,35,38,33,41,,34,39,,35,37,,,,,,,31,32,42,
42_ALP_KR_LNC_BN,14-Jun-08,Nielsen,,ALP,,44,,45,43,46,40,41,,45,42,,44,43,,46,46,44,40,,,,,
42_ALP_KR_LNC_BN,14-Jun-08,Nielsen,,COAL,,38,,39,36,40,40,38,,37,40,,37,39,,32,34,35,47,,,,,
42_ALP_KR_LNC_BN,14-Jun-08,Nielsen,,GRN,,10,,11,14,5,8,10,,11,10,,11,10,,11,13,12,6,,,,,
42_ALP_KR_LNC_BN,14-Jun-08,Nielsen,,IND,,3,,2,3,3,5,5,,3,3,,3,3,,5,1,4,3,,,,,
42_ALP_KR_LNC_BN,14-Jun-08,Nielsen,,FFP,,2,,1,2,2,3,4,,2,2,,1,2,,3,2,2,1,,,,,
42_ALP_KR_LNC_BN,14-Jun-08,Nielsen,,OTH,,3,0,2,2,4,6,2,0,3,3,0,3,3,0,3,4,3,1,,,,,
42_ALP_KR_LNC_BN,17-May-08,Nielsen,,ALP,,46,,46,49,45,41,40,,46,45,,46,46,,44,49,47,43,,,,,
42_ALP_KR_LNC_BN,17-May-08,Nielsen,,COAL,,38,,40,34,43,40,38,,37,40,,39,38,,38,32,36,46,,,,,
42_ALP_KR_LNC_BN,17-May-08,Nielsen,,GRN,,8,,7,10,6,11,11,,9,8,,8,9,,10,11,9,6,,,,,
42_ALP_KR_LNC_BN,17-May-08,Nielsen,,IND,,2,,2,1,3,2,5,,2,3,,3,2,,2,2,4,2,,,,,
42_ALP_KR_LNC_BN,17-May-08,Nielsen,,FFP,,2,,1,2,2,3,3,,2,2,,2,2,,2,2,2,2,,,,,
42_ALP_KR_LNC_BN,17-May-08,Nielsen,,OTH,,3,,3,3,2,4,3,,3,2,,3,3,,3,4,4,1,,,,,
42_ALP_KR_LNC_BN,30-Mar-08,Newspoll,,ALP,,48,,49,49,47,49,42,,50,44,,49,47,,,,,,,49,45,41,
42_ALP_KR_LNC_BN,30-Mar-08,Newspoll,,GRN,,11,,10,14,8,7,11,,12,9,,9,12,,,,,,,15,12,7,
42_ALP_KR_LNC_BN,30-Mar-08,Newspoll,,OTH,,7,,8,5,9,10,6,,6,9,,7,7,,,,,,,8,7,7,
42_ALP_KR_LNC_BN,30-Mar-08,Newspoll,,COAL,,34,,33,32,36,34,41,,32,38,,35,34,,,,,,,28,31,41,
41_LNC_JHo_ALP_KR,18-Nov-07,Newspoll,,ALP,,47,,47,47,49,48,43,,49,44,,47,47,,,,,,,51,49,44,
41_LNC_JHo_ALP_KR,18-Nov-07,Newspoll,,GRN,,7,,8,9,3,4,6,,7,6,,7,7,,,,,,,8,7,5,
41_LNC_JHo_ALP_KR,18-Nov-07,Newspoll,,OTH,,6,,6,5,7,7,5,,5,7,,7,5,,,,,,,6,6,5,
41_LNC_JHo_ALP_KR,18-Nov-07,Newspoll,,COAL,,40,,39,39,41,41,46,,39,43,,39,41,,,,,,,35,38,46,
41_LNC_JHo_ALP_KR,11-Nov-07,Newspoll,,ALP,,47,,45,50,49,48,44,,49,45,,48,47,,,,,,,54,45,45,
41_LNC_JHo_ALP_KR,11-Nov-07,Newspoll,,GRN,,6,,6,8,3,3,6,,6,5,,6,6,,,,,,,6,7,4,
41_LNC_JHo_ALP_KR,11-Nov-07,Newspoll,,OTH,,5,,6,5,5,6,4,,5,7,,6,4,,,,,,,6,5,5,
41_LNC_JHo_ALP_KR,11-Nov-07,Newspoll,,COAL,,42,,43,37,43,43,46,,40,43,,40,43,,,,,,,34,43,46,
41_LNC_JHo_ALP_KR,04-Nov-07,Newspoll,,ALP,,47,,46,47,50,53,45,,48,46,,48,47,,,,,,,54,46,44,
41_LNC_JHo_ALP_KR,04-Nov-07,Newspoll,,GRN,,5,,5,7,3,3,4,,6,4,,5,5,,,,,,,6,6,4,
41_LNC_JHo_ALP_KR,04-Nov-07,Newspoll,,OTH,,6,,7,5,5,6,5,,5,7,,6,5,,,,,,,7,6,4,
41_LNC_JHo_ALP_KR,04-Nov-07,Newspoll,,COAL,,42,,42,41,42,38,46,,41,43,,41,43,,,,,,,33,42,48,
41_LNC_JHo_ALP_KR,28-Oct-07,Newspoll,,ALP,,49,,52,45,52,52,43,,50,49,,49,50,,,,,,,55,52,44,
41_LNC_JHo_ALP_KR,28-Oct-07,Newspoll,,GRN,,5,,5,7,3,3,4,,5,3,,5,5,,,,,,,5,6,4,
41_LNC_JHo_ALP_KR,28-Oct-07,Newspoll,,OTH,,6,,6,6,5,6,6,,6,6,,6,6,,,,,,,8,6,4,
41_LNC_JHo_ALP_KR,28-Oct-07,Newspoll,,COAL,,40,,37,42,40,39,47,,39,42,,40,39,,,,,,,32,36,48,
41_LNC_JHo_ALP_KR,30-Sep-07,Newspoll,,ALP,,48,,49,51,46,49,40,,50,44,,47,49,,,,,,,51,50,45,
41_LNC_JHo_ALP_KR,30-Sep-07,Newspoll,,GRN,,4,,5,5,3,3,4,,5,4,,5,4,,,,,,,7,4,3,
41_LNC_JHo_ALP_KR,30-Sep-07,Newspoll,,OTH,,9,,9,8,8,8,12,,9,9,,9,9,,,,,,,10,10,7,
41_LNC_JHo_ALP_KR,30-Sep-07,Newspoll,,COAL,,39,,37,36,43,40,44,,36,43,,39,38,,,,,,,32,36,45,
41_LNC_JHo_ALP_KR,08-Sep-07,Nielsen,,ALP,,49,,46,49,49,58,47,,48,51,,51,47,,57,52,48,45,,,,,
41_LNC_JHo_ALP_KR,08-Sep-07,Nielsen,,COAL,,39,,40,41,43,30,43,,40,38,,37,41,,30,33,39,48,,,,,
41_LNC_JHo_ALP_KR,08-Sep-07,Nielsen,,GRN,,7,,10,6,4,5,6,,8,6,,7,7,,10,8,8,4,,,,,
41_LNC_JHo_ALP_KR,08-Sep-07,Nielsen,,IND,,2,,2,1,3,1,1,,2,2,,2,1,,1,2,2,2,,,,,
41_LNC_JHo_ALP_KR,08-Sep-07,Nielsen,,FFP,,1,,0,1,1,2,0,,1,1,,0,1,,0,1,1,0,,,,,
41_LNC_JHo_ALP_KR,08-Sep-07,Nielsen,,OTH,,2,,2,2,0,5,4,,3,1,,2,1,,2,3,2,2,,,,,
41_LNC_JHo_ALP_KR,30-Jul-07,Newspoll,,ALP,,49,,51,49,47,49,40,,50,48,,49,49,,,,,,,53,50,45,
41_LNC_JHo_ALP_KR,30-Jul-07,Newspoll,,GRN,,4,,5,5,3,4,4,,4,4,,4,4,,,,,,,6,5,3,
41_LNC_JHo_ALP_KR,30-Jul-07,Newspoll,,OTH,,10,,10,8,11,8,13,,9,10,,10,9,,,,,,,11,10,8,
41_LNC_JHo_ALP_KR,30-Jul-07,Newspoll,,COAL,,37,,34,38,39,39,43,,37,38,,37,38,,,,,,,30,35,44,
41_LNC_JHo_ALP_KR,31-Mar-07,Newspoll,,ALP,,48,,47,48,49,54,51,,49,46,,48,48,,,,,,,51,51,43,
41_LNC_JHo_ALP_KR,31-Mar-07,Newspoll,,GRN,,5,,6,7,3,3,6,,6,4,,5,5,,,,,,,9,6,3,
41_LNC_JHo_ALP_KR,31-Mar-07,Newspoll,,OTH,,9,,11,8,7,8,11,,9,10,,10,9,,,,,,,10,10,8,
41_LNC_JHo_ALP_KR,31-Mar-07,Newspoll,,COAL,,38,,36,37,41,35,42,,36,40,,37,38,,,,,,,30,33,46,
41_LNC_JHo_ALP_KB,30-Nov-06,Newspoll,,ALP,,39,,39,40,41,41,36,,41,36,,41,38,,,,,,,41,40,38,
41_LNC_JHo_ALP_KB,30-Nov-06,Newspoll,,GRN,,8,,7,9,6,4,8,,8,6,,7,8,,,,,,,11,9,4,
41_LNC_JHo_ALP_KB,30-Nov-06,Newspoll,,OTH,,12,,15,10,12,12,11,,11,14,,12,12,,,,,,,12,14,11,
41_LNC_JHo_ALP_KB,30-Nov-06,Newspoll,,COAL,,41,,39,41,41,43,45,,40,44,,40,42,,,,,,,36,37,47,
41_LNC_JHo_ALP_KB,30-Sep-06,Newspoll,,ALP,,41,,41,42,40,38,41,,42,39,,42,40,,,,,,,43,42,39,
41_LNC_JHo_ALP_KB,30-Sep-06,Newspoll,,GRN,,6,,6,7,5,4,6,,7,4,,5,6,,,,,,,10,6,4,
41_LNC_JHo_ALP_KB,30-Sep-06,Newspoll,,OTH,,11,,12,10,13,15,10,,11,13,,12,12,,,,,,,12,13,10,
41_LNC_JHo_ALP_KB,30-Sep-06,Newspoll,,COAL,,42,,41,41,42,43,43,,40,44,,41,42,,,,,,,35,39,47,
41_LNC_JHo_ALP_KB,30-Jun-06,Newspoll,,COAL,,42,,40,42,47,39,41,,40,45,,41,43,,,,,,,38,38,47,
41_LNC_JHo_ALP_KB,30-Jun-06,Newspoll,,ALP,,38,,38,39,37,42,38,,39,37,,39,39,,,,,,,38,41,38,
41_LNC_JHo_ALP_KB,30-Jun-06,Newspoll,,GRN,,7,,7,8,4,5,7,,8,5,,7,6,,,,,,,10,8,4,
41_LNC_JHo_ALP_KB,30-Jun-06,Newspoll,,OTH,,13,,15,11,12,14,14,,13,13,,13,12,,,,,,,14,13,11,
41_LNC_JHo_ALP_KB,31-Mar-06,Newspoll,,COAL,,43,,42,43,44,42,47,,41,46,,42,44,,,,,,,37,41,48,
41_LNC_JHo_ALP_KB,31-Mar-06,Newspoll,,ALP,,38,,38,37,37,40,36,,39,35,,39,37,,,,,,,39,37,37,
41_LNC_JHo_ALP_KB,31-Mar-06,Newspoll,,GRN,,6,,6,7,5,5,7,,8,4,,6,6,,,,,,,10,7,4,
41_LNC_JHo_ALP_KB,31-Mar-06,Newspoll,,OTH,,13,,14,13,14,13,10,,12,15,,13,13,,,,,,,14,15,11,
41_LNC_JHo_ALP_KB,31-Dec-05,Newspoll,,COAL,,40,,39,39,41,39,42,,39,42,,39,41,,,,,,,37,35,45,
41_LNC_JHo_ALP_KB,31-Dec-05,Newspoll,,ALP,,40,,39,40,41,43,38,,41,38,,41,39,,,,,,,40,42,39,
41_LNC_JHo_ALP_KB,31-Dec-05,Newspoll,,GRN,,7,,7,10,4,5,7,,8,6,,7,7,,,,,,,11,7,4,
41_LNC_JHo_ALP_KB,31-Dec-05,Newspoll,,OTH,,13,,15,11,14,13,13,,12,14,,13,13,,,,,,,12,16,12,
41_LNC_JHo_ALP_KB,30-Sep-05,Newspoll,,COAL,,43,,41,43,44,45,45,,42,44,,43,43,,,,,,,35,40,50,
41_LNC_JHo_ALP_KB,30-Sep-05,Newspoll,,ALP,,39,,39,39,41,36,36,,40,37,,38,39,,,,,,,41,42,35,
41_LNC_JHo_ALP_KB,30-Sep-05,Newspoll,,GRN,,6,,7,8,4,6,6,,8,5,,6,7,,,,,,,10,6,5,
41_LNC_JHo_ALP_KB,30-Sep-05,Newspoll,,OTH,,12,,13,10,11,13,13,,10,14,,13,11,,,,,,,14,12,10,
41_LNC_JHo_ALP_KB,30-Jun-05,Newspoll,,COAL,,45,,45,45,46,46,45,,43,48,,46,44,,,,,,,39,42,51,
41_LNC_JHo_ALP_KB,30-Jun-05,Newspoll,,ALP,,39,,38,40,37,38,40,,41,36,,38,39,,,,,,,42,40,36,
41_LNC_JHo_ALP_KB,30-Jun-05,Newspoll,,GRN,,5,,6,6,5,4,6,,6,5,,5,6,,,,,,,9,6,3,
41_LNC_JHo_ALP_KB,30-Jun-05,Newspoll,,OTH,,11,,11,9,12,12,9,,10,11,,11,11,,,,,,,10,12,10,
41_LNC_JHo_ALP_KB,31-Mar-05,Newspoll,,COAL,,47,,45,47,50,46,46,,45,49,,45,48,,,,,,,42,40,54,
41_LNC_JHo_ALP_KB,31-Mar-05,Newspoll,,ALP,,37,,35,39,35,39,38,,39,35,,37,36,,,,,,,39,41,33,
41_LNC_JHo_ALP_KB,31-Mar-05,Newspoll,,GRN,,6,,7,8,4,7,6,,7,5,,7,6,,,,,,,8,8,4,
41_LNC_JHo_ALP_KB,31-Mar-05,Newspoll,,OTH,,10,,13,6,11,8,10,,9,11,,11,10,,,,,,,11,11,9,
40_LNC_JHo_ALP_ML,03-Oct-04,Newspoll,,COAL,,44,,42,42,46,48,48,,43,47,,43,45,,,,,,,40,40,50,
40_LNC_JHo_ALP_ML,03-Oct-04,Newspoll,,ALP,,40,,41,42,38,38,35,,41,37,,40,39,,,,,,,41,42,37,
40_LNC_JHo_ALP_ML,03-Oct-04,Newspoll,,OTH,,9,,10,8,12,8,9,,8,12,,10,9,,,,,,,8,11,9,
40_LNC_JHo_ALP_ML,03-Oct-04,Newspoll,,GRN,,7,,7,8,4,6,8,,8,4,,7,7,,,,,,,11,7,4,
40_LNC_JHo_ALP_ML,26-Sep-04,Newspoll,,COAL,,43,,42,40,43,47,45,,42,44,,42,43,,,,,,,39,39,48,
40_LNC_JHo_ALP_ML,26-Sep-04,Newspoll,,ALP,,40,,40,43,40,38,36,,41,39,,40,41,,,,,,,42,41,38,
40_LNC_JHo_ALP_ML,26-Sep-04,Newspoll,,OTH,,10,,11,8,12,10,12,,8,13,,11,9,,,,,,,9,12,10,
40_LNC_JHo_ALP_ML,26-Sep-04,Newspoll,,GRN,,7,,7,9,5,5,7,,9,4,,7,7,,,,,,,10,8,4,
40_LNC_JHo_ALP_ML,19-Sep-04,Newspoll,,COAL,,45,,44,44,47,44,46,,44,46,,45,44,,,,,,,37,42,52,
40_LNC_JHo_ALP_ML,19-Sep-04,Newspoll,,ALP,,40,,41,40,40,41,37,,41,39,,40,41,,,,,,,47,41,35,
40_LNC_JHo_ALP_ML,19-Sep-04,Newspoll,,OTH,,8,,8,8,8,9,10,,8,10,,8,9,,,,,,,8,9,8,
40_LNC_JHo_ALP_ML,19-Sep-04,Newspoll,,GRN,,7,,7,8,5,6,7,,7,5,,7,6,,,,,,,8,8,5,
40_LNC_JHo_ALP_ML,12-Sep-04,Newspoll,,COAL,,46,,44,47,50,41,47,,44,49,,46,46,,,,,,,39,41,55,
40_LNC_JHo_ALP_ML,12-Sep-04,Newspoll,,ALP,,40,,42,38,39,44,35,,41,38,,40,39,,,,,,,45,43,34,
40_LNC_JHo_ALP_ML,12-Sep-04,Newspoll,,OTH,,7,,6,7,8,9,11,,7,7,,8,8,,,,,,,7,9,6,
40_LNC_JHo_ALP_ML,12-Sep-04,Newspoll,,GRN,,7,,8,8,3,6,7,,8,6,,6,7,,,,,,,9,7,5,
40_LNC_JHo_ALP_ML,31-Aug-04,Newspoll,,COAL,,43,,40,44,43,46,47,,43,43,,43,42,,,,,,,36,41,49,
40_LNC_JHo_ALP_ML,31-Aug-04,Newspoll,,ALP,,40,,40,41,43,41,35,,40,40,,41,40,,,,,,,46,41,36,
40_LNC_JHo_ALP_ML,31-Aug-04,Newspoll,,OTH,,17,,20,15,14,13,18,,17,17,,16,18,,,,,,,18,18,15,
40_LNC_JHo_ALP_ML,30-Jun-04,Newspoll,,COAL,,43,,42,40,46,45,44,,41,46,,43,42,,,,,,,36,39,50,
40_LNC_JHo_ALP_ML,30-Jun-04,Newspoll,,ALP,,42,,40,45,42,38,41,,43,40,,41,43,,,,,,,44,45,37,
40_LNC_JHo_ALP_ML,30-Jun-04,Newspoll,,OTH,,10,,12,9,9,13,9,,10,11,,10,10,,,,,,,11,9,10,
40_LNC_JHo_ALP_ML,30-Jun-04,Newspoll,,GRN,,5,,6,6,3,4,6,,6,3,,6,5,,,,,,,9,5,3,
40_LNC_JHo_ALP_ML,31-Mar-04,Newspoll,,COAL,,42,,40,40,45,42,45,,40,45,,43,41,,,,,,,36,39,48,
40_LNC_JHo_ALP_ML,31-Mar-04,Newspoll,,ALP,,42,,42,43,42,43,38,,45,38,,41,43,,,,,,,44,44,39,
40_LNC_JHo_ALP_ML,31-Mar-04,Newspoll,,GRN,,5,,5,7,4,4,6,,6,4,,6,5,,,,,,,8,6,4,
40_LNC_JHo_ALP_ML,31-Mar-04,Newspoll,,OTH,,11,,13,10,9,11,11,,10,13,,10,11,,,,,,,12,11,9,
40_LNC_JHo_ALP_ML,31-Dec-03,Newspoll,,COAL,,43,,41,42,45,47,43,,42,44,,44,41,,,,,,,39,39,49,
40_LNC_JHo_ALP_ML,31-Dec-03,Newspoll,,ALP,,37,,39,37,36,34,37,,38,36,,36,39,,,,,,,37,40,35,
40_LNC_JHo_ALP_ML,31-Dec-03,Newspoll,,OTH,,20,,20,21,19,19,20,,20,20,,20,20,,,,,,,24,21,16,
40_LNC_JHo_ALP_SC,30-Sep-03,Newspoll,,COAL,,43,,43,42,44,46,45,,42,46,,43,43,,,,,,,38,39,51,
40_LNC_JHo_ALP_SC,30-Sep-03,Newspoll,,ALP,,37,,36,39,38,34,34,,38,34,,36,37,,,,,,,38,39,33,
40_LNC_JHo_ALP_SC,30-Sep-03,Newspoll,,OTH,,13,,14,11,16,13,13,,12,15,,14,13,,,,,,,14,15,12,
40_LNC_JHo_ALP_SC,30-Sep-03,Newspoll,,GRN,,7,,7,8,2,7,8,,8,5,,7,7,,,,,,,10,7,4,
40_LNC_JHo_ALP_SC,30-Jun-03,Newspoll,,COAL,,46,,43,47,45,49,51,,45,47,,46,45,,,,,,,40,42,53,
40_LNC_JHo_ALP_SC,30-Jun-03,Newspoll,,ALP,,35,,37,36,35,31,30,,36,34,,34,37,,,,,,,37,37,33,
40_LNC_JHo_ALP_SC,30-Jun-03,Newspoll,,OTH,,19,,20,17,20,20,19,,19,19,,20,18,,,,,,,23,21,14,
40_LNC_JHo_ALP_SC,31-Mar-03,Newspoll,,COAL,,43,,41,41,49,44,47,,41,47,,44,42,,,,,,,38,40,49,
40_LNC_JHo_ALP_SC,31-Mar-03,Newspoll,,ALP,,36,,36,38,34,33,31,,37,33,,35,36,,,,,,,35,37,35,
40_LNC_JHo_ALP_SC,31-Mar-03,Newspoll,,OTH,,21,,23,21,17,23,22,,22,20,,21,21,,,,,,,26,23,16,
40_LNC_JHo_ALP_SC,31-Dec-02,Newspoll,,COAL,,45,,44,42,46,48,47,,43,47,,45,43,,,,,,,40,41,50,
40_LNC_JHo_ALP_SC,31-Dec-02,Newspoll,,ALP,,36,,34,40,35,35,33,,37,35,,36,36,,,,,,,39,36,34,
40_LNC_JHo_ALP_SC,31-Dec-02,Newspoll,,OTH,,19,,22,18,19,17,20,,20,18,,19,21,,,,,,,21,23,16,
40_LNC_JHo_ALP_SC,30-Sep-02,Newspoll,,COAL,,42,,43,40,41,43,42,,42,43,,42,42,,,,,,,36,36,52,
40_LNC_JHo_ALP_SC,30-Sep-02,Newspoll,,ALP,,38,,37,40,39,38,38,,39,38,,38,39,,,,,,,40,42,34,
40_LNC_JHo_ALP_SC,30-Sep-02,Newspoll,,OTH,,14,,14,14,16,15,12,,12,15,,15,13,,,,,,,16,15,10,
40_LNC_JHo_ALP_SC,30-Sep-02,Newspoll,,GRN,,6,,6,6,4,4,8,,7,4,,5,6,,,,,,,8,7,4,
40_LNC_JHo_ALP_SC,30-Jun-02,Newspoll,,COAL,,41,,41,40,42,42,42,,41,43,,41,41,,,,,,,38,38,46,
40_LNC_JHo_ALP_SC,30-Jun-02,Newspoll,,ALP,,39,,38,40,38,39,39,,40,37,,38,40,,,,,,,37,42,38,
40_LNC_JHo_ALP_SC,30-Jun-02,Newspoll,,OTH,,16,,17,14,17,16,15,,14,17,,16,15,,,,,,,18,16,13,
40_LNC_JHo_ALP_SC,30-Jun-02,Newspoll,,GRN,,4,,4,6,3,3,4,,5,3,,5,4,,,,,,,7,4,3,
40_LNC_JHo_ALP_SC,31-Mar-02,Newspoll,,COAL,,44,,46,42,43,41,43,,42,47,,43,44,,,,,,,39,40,50,
40_LNC_JHo_ALP_SC,31-Mar-02,Newspoll,,ALP,,37,,33,40,39,36,37,,38,34,,38,37,,,,,,,38,38,35,
40_LNC_JHo_ALP_SC,31-Mar-02,Newspoll,,OTH,,19,,21,18,18,23,20,,20,19,,19,19,,,,,,,23,22,15,
39_LNC_JHo_ALP_KB,28-Oct-01,Newspoll,,ALP,,,,48,46,48,50,49,,40,35,,40,36,,,,,,,46,42,36,
39_LNC_JHo_ALP_KB,28-Oct-01,Newspoll,,COAL,,,,36,41,37,36,36,,46,50,,46,49,,,,,,,36,42,53,
39_LNC_JHo_ALP_KB,28-Oct-01,Newspoll,,OTH,,,,16,13,15,14,15,,14,15,,14,15,,,,,,,18,18,11,
39_LNC_JHo_ALP_KB,30-Sep-01,Newspoll,,COAL,,42,,43,43,43,43,39,,41,46,,42,43,,,,,,,40,37,50,
39_LNC_JHo_ALP_KB,30-Sep-01,Newspoll,,ALP,,40,,38,44,40,35,37,,42,36,,40,39,,,,,,,41,44,35,
39_LNC_JHo_ALP_KB,30-Sep-01,Newspoll,,GRN,,3,,4,3,2,2,6,,3,3,,3,4,,,,,,,5,4,2,
39_LNC_JHo_ALP_KB,30-Sep-01,Newspoll,,OTH,,15,,15,10,15,20,18,,14,15,,15,14,,,,,,,14,15,13,
39_LNC_JHo_ALP_KB,30-Jun-01,Newspoll,,COAL,,39,,41,39,37,38,39,,38,40,,37,41,,,,,,,38,34,44,
39_LNC_JHo_ALP_KB,30-Jun-01,Newspoll,,ALP,,43,,40,44,45,36,42,,44,40,,44,41,,,,,,,42,46,40,
39_LNC_JHo_ALP_KB,30-Jun-01,Newspoll,,GRN,,3,,3,4,2,2,4,,3,3,,3,4,,,,,,,5,3,2,
39_LNC_JHo_ALP_KB,30-Jun-01,Newspoll,,OTH,,15,,16,13,16,24,15,,15,17,,16,14,,,,,,,15,17,14,
39_LNC_JHo_ALP_KB,31-Mar-01,Newspoll,,COAL,,39,,40,39,37,38,37,,37,42,,37,41,,,,,,,38,36,43,
39_LNC_JHo_ALP_KB,31-Mar-01,Newspoll,,ALP,,45,,42,49,47,41,41,,47,42,,45,44,,,,,,,46,47,41,
39_LNC_JHo_ALP_KB,31-Mar-01,Newspoll,,GRN,,3,,3,3,3,2,8,,4,3,,3,4,,,,,,,6,4,2,
39_LNC_JHo_ALP_KB,31-Mar-01,Newspoll,,OTH,,13,,15,9,13,19,14,,12,13,,15,11,,,,,,,10,13,14,
39_LNC_JHo_ALP_KB,31-Dec-00,Newspoll,,COAL,,43,,44,41,43,44,40,,42,44,,41,44,,,,,,,42,37,48,
39_LNC_JHo_ALP_KB,31-Dec-00,Newspoll,,ALP,,42,,40,47,42,40,41,,44,40,,44,41,,,,,,,41,48,39,
39_LNC_JHo_ALP_KB,31-Dec-00,Newspoll,,GRN,,3,,3,2,3,1,4,,3,2,,2,3,,,,,,,5,3,1,
39_LNC_JHo_ALP_KB,31-Dec-00,Newspoll,,OTH,,12,,13,10,12,15,15,,11,14,,13,12,,,,,,,12,12,12,
39_LNC_JHo_ALP_KB,30-Sep-00,Newspoll,,COAL,,43,,44,42,45,42,43,,41,47,,42,45,,,,,,,41,39,48,
39_LNC_JHo_ALP_KB,30-Sep-00,Newspoll,,ALP,,44,,43,49,41,43,40,,47,40,,45,43,,,,,,,44,48,41,
39_LNC_JHo_ALP_KB,30-Sep-00,Newspoll,,OTH,,13,,13,9,14,15,17,,12,13,,13,12,,,,,,,15,13,11,
39_LNC_JHo_ALP_KB,30-Jun-00,Newspoll,,COAL,,42,,43,40,42,42,43,,41,44,,41,43,,,,,,,39,37,48,
39_LNC_JHo_ALP_KB,30-Jun-00,Newspoll,,ALP,,44,,43,49,43,41,38,,45,41,,44,44,,,,,,,44,48,41,
39_LNC_JHo_ALP_KB,30-Jun-00,Newspoll,,OTH,,14,,14,11,15,17,19,,14,15,,15,13,,,,,,,17,15,11,
39_LNC_JHo_ALP_KB,31-Mar-00,Newspoll,,COAL,,44,,42,45,46,45,40,,42,46,,41,46,,,,,,,41,40,49,
39_LNC_JHo_ALP_KB,31-Mar-00,Newspoll,,ALP,,44,,43,47,42,39,42,,45,42,,45,42,,,,,,,45,47,40,
39_LNC_JHo_ALP_KB,31-Mar-00,Newspoll,,OTH,,12,,15,8,12,16,18,,13,12,,14,12,,,,,,,14,13,11,
39_LNC_JHo_ALP_KB,31-Dec-99,Newspoll,,COAL,,45,,45,47,45,44,42,,43,48,,45,45,,,,,,,42,41,52,
39_LNC_JHo_ALP_KB,31-Dec-99,Newspoll,,ALP,,43,,42,45,41,41,43,,44,40,,42,44,,,,,,,44,46,39,
39_LNC_JHo_ALP_KB,31-Dec-99,Newspoll,,OTH,,12,,13,8,14,15,15,,13,12,,13,11,,,,,,,14,16,9,
