"","poll.end.date","poll.source","party","national","new.south.wales","victoria","queensland","south.australia.nt","western.australia","capitals","others","male","female","x18.24","x25.39","x40.54","x55.","x18.34","x35.49","x50."
"1","17-May-14","Nielsen","ALP",40,"43",45,35,44,22,39,40,39,40,41,37,43,"39",NA,NA,NA
"2","17-May-14","Nielsen","COAL",35,"36",34,40,33,34,34,37,38,33,27,30,35,"43",NA,NA,NA
"3","17-May-14","Nielsen","GRN",14,"14",15,7,14,23,17,8,12,16,22,18,10,"10",NA,NA,NA
"4","17-May-14","Nielsen","PUP",6,"3",2,10,3,13,4,8,6,5,4,6,6,"5",NA,NA,NA
"5","17-May-14","Nielsen","OTH",6,"5",4,8,6,7,5,6,5,6,6,8,7,"3",NA,NA,NA
"6","12-Apr-14","Nielsen","ALP",34,"33",37,38,38,20,35,32,32,37,36,34,35,"33",NA,NA,NA
"7","12-Apr-14","Nielsen","COAL",40,"43",40,38,39,37,39,42,41,39,32,33,39,"49",NA,NA,NA
"8","12-Apr-14","Nielsen","GRN",17,"15",19,11,12,27,17,16,17,16,26,23,15,"10",NA,NA,NA
"9","12-Apr-14","Nielsen","IND",4,"3",2,9,3,11,4,5,5,4,2,5,7,"4",NA,NA,NA
"10","12-Apr-14","Nielsen","OTH",5,"6",3,5,9,5,4,5,5,4,4,6,5,"4",NA,NA,NA
"11","31-Mar-14","Newspoll","ALP",36,"38",38,34,38,29,38,34,37,35,NA,NA,NA,"",38,37,34
"12","31-Mar-14","Newspoll","COAL",40,"40",36,41,37,46,37,43,40,39,NA,NA,NA,"",29,37,48
"13","31-Mar-14","Newspoll","GRN",12,"11",15,8,9,15,14,9,10,14,NA,NA,NA,"",18,14,7
"14","31-Mar-14","Newspoll","OTH",12,"11",11,17,16,10,11,14,13,12,NA,NA,NA,"",15,12,11
"15","15-Mar-14","Nielsen","ALP",35,"36",38,34,38,31,40,28,34,37,43,38,34,"32",NA,NA,NA
"16","15-Mar-14","Nielsen","COAL",44,"45",41,44,38,46,40,50,45,43,30,37,40,"57",NA,NA,NA
"17","15-Mar-14","Nielsen","GRN",12,"11",15,9,9,12,13,9,11,12,20,14,13,"5",NA,NA,NA
"18","15-Mar-14","Nielsen","PUP",4,"2",2,8,5,4,2,6,4,3,4,4,4,"2",NA,NA,NA
"19","15-Mar-14","Nielsen","OTH",6,"7",3,5,10,7,5,6,7,5,4,8,8,"3",NA,NA,NA
"20","15-Feb-14","Nielsen","ALP",33,"34",33,33,34,29,34,31,31,35,39,33,34,"29",NA,NA,NA
"21","15-Feb-14","Nielsen","COAL",44,"45",44,45,45,42,43,46,45,43,29,40,44,"54",NA,NA,NA
"22","15-Feb-14","Nielsen","GRN",12,"13",14,8,11,14,13,10,11,13,21,16,10,"7",NA,NA,NA
"23","15-Feb-14","Nielsen","IND",6,"5",4,8,9,7,5,7,6,5,2,5,7,"7",NA,NA,NA
"24","15-Feb-14","Nielsen","OTH",5,"4",6,7,2,8,5,6,7,4,8,6,5,"4",NA,NA,NA
"25","27-Dec-13","Newspoll","ALP",35,"36",34,32,33,36,37,31,33,36,NA,NA,NA,"",36,33,34
"26","27-Dec-13","Newspoll","COAL",43,"45",41,44,42,41,42,44,44,41,NA,NA,NA,"",35,43,49
"27","27-Dec-13","Newspoll","GRN",10,"9",14,8,9,10,11,9,9,12,NA,NA,NA,"",16,11,6
"28","27-Dec-13","Newspoll","OTH",12,"10",11,16,16,13,10,16,14,11,NA,NA,NA,"",13,13,11
"29","23-Nov-13","Nielsen","ALP",37,"35",39,42,28,33,37,36,36,37,46,41,32,"34",NA,NA,NA
"30","23-Nov-13","Nielsen","COAL",41,"45",40,38,42,39,40,43,44,38,31,32,45,"49",NA,NA,NA
"31","23-Nov-13","Nielsen","GRN",11,"10",11,8,15,14,12,9,9,13,13,13,13,"8",NA,NA,NA
"32","23-Nov-13","Nielsen","IND",5,"4",3,6,12,5,5,6,4,6,4,5,5,"6",NA,NA,NA
"33","23-Nov-13","Nielsen","OTH",6,"6",7,5,2,8,6,6,6,5,5,8,5,"4",NA,NA,NA
"34","05-Sep-13","Newspoll","ALP",33,"35",33,30,31,30,NA,NA,NA,NA,NA,NA,NA,"",NA,NA,NA
"35","05-Sep-13","Newspoll","COAL",46,"46",44,48,44,51,NA,NA,NA,NA,NA,NA,NA,"",NA,NA,NA
"36","05-Sep-13","Newspoll","GRN",9,"8",12,5,10,11,NA,NA,NA,NA,NA,NA,NA,"",NA,NA,NA
"37","05-Sep-13","Newspoll","OTH",12,"11",11,17,15,8,NA,NA,NA,NA,NA,NA,NA,"",NA,NA,NA
"38","22-Aug-13","Nielsen","ALP",35,"34",36,39,38,27,36,34,34,37,38,40,35,"31",NA,NA,NA
"39","22-Aug-13","Nielsen","COAL",47,"50",43,49,35,58,46,49,50,45,32,40,49,"57",NA,NA,NA
"40","22-Aug-13","Nielsen","GRN",10,"9",15,5,15,10,12,8,9,12,21,12,9,"6",NA,NA,NA
"41","22-Aug-13","Nielsen","IND",3,"4",3,1,7,1,2,5,3,3,3,3,3,"3",NA,NA,NA
"42","22-Aug-13","Nielsen","OTH",4,"3",3,6,5,4,4,4,5,3,6,4,4,"3",NA,NA,NA
"43","18-Aug-13","Newspoll","ALP",35,"34",37,37,32,30,35,34,33,36,NA,NA,NA,"",36,36,32
"44","18-Aug-13","Newspoll","COAL",46,"51",39,46,46,52,45,48,49,44,NA,NA,NA,"",40,44,52
"45","18-Aug-13","Newspoll","GRN",10,"7",17,8,10,9,12,7,8,12,NA,NA,NA,"",15,11,7
"46","18-Aug-13","Newspoll","OTH",9,"8",7,9,12,9,8,11,10,8,NA,NA,NA,"",9,9,9
"47","08-Aug-13","Nielsen","ALP",37,"39",34,38,36,35,37,35,36,37,38,38,37,"35",NA,NA,NA
"48","08-Aug-13","Nielsen","COAL",46,"47",45,46,41,53,46,46,49,43,37,42,45,"54",NA,NA,NA
"49","08-Aug-13","Nielsen","GRN",10,"8",14,8,11,8,10,9,8,12,17,12,10,"6",NA,NA,NA
"50","08-Aug-13","Nielsen","IND",4,"3",4,2,7,1,3,4,4,3,4,3,4,"3",NA,NA,NA
"51","08-Aug-13","Nielsen","OTH",4,"2",3,6,5,4,3,5,3,4,4,4,4,"3",NA,NA,NA
"52","13-Jul-13","Nielsen","ALP",39,"40",39,42,33,38,41,37,35,44,46,46,36,"33",NA,NA,NA
"53","13-Jul-13","Nielsen","COAL",44,"44",43,44,38,48,43,45,48,39,28,37,45,"54",NA,NA,NA
"54","13-Jul-13","Nielsen","GRN",9,"9",12,5,14,10,10,7,7,11,18,10,10,"4",NA,NA,NA
"55","13-Jul-13","Nielsen","IND",5,"6",2,5,8,2,3,7,6,4,4,4,5,"6",NA,NA,NA
"56","13-Jul-13","Nielsen","FFP",1,"0",1,1,6,1,1,1,1,1,2,1,1,"1",NA,NA,NA
"57","13-Jul-13","Nielsen","OTH",2,"1",2,3,1,2,2,3,3,1,1,2,3,"2",NA,NA,NA
"58","24-Jun-13","Newspoll","ALP",31,"30",37,29,30,25,32,29,28,34,NA,NA,NA,"",33,30,30
"59","24-Jun-13","Newspoll","COAL",47,"48",43,46,44,55,46,48,50,44,NA,NA,NA,"",39,48,52
"60","24-Jun-13","Newspoll","GRN",10,"9",12,8,10,11,11,8,9,11,NA,NA,NA,"",15,10,6
"61","24-Jun-13","Newspoll","OTH",12,"13",8,17,16,9,11,15,13,11,NA,NA,NA,"",13,12,12
"62","15-Jun-13","Nielsen","ALP",29,"27",33,26,22,33,31,24,24,34,32,25,30,"30",NA,NA,NA
"63","15-Jun-13","Nielsen","COAL",47,"53",40,50,48,47,44,53,52,43,39,49,44,"52",NA,NA,NA
"64","15-Jun-13","Nielsen","GRN",11,"9",15,6,14,12,12,8,10,12,19,13,12,"4",NA,NA,NA
"65","15-Jun-13","Nielsen","IND",6,"6",5,10,8,1,5,8,7,6,4,4,7,"8",NA,NA,NA
"66","15-Jun-13","Nielsen","FFP",1,"1",1,1,5,1,2,1,2,1,1,2,2,"1",NA,NA,NA
"67","15-Jun-13","Nielsen","OTH",5,"5",6,7,3,6,5,6,7,4,5,7,5,"4",NA,NA,NA
"68","18-May-13","Nielsen","ALP",32,"28",38,30,32,31,33,30,31,33,40,30,31,"31",NA,NA,NA
"69","18-May-13","Nielsen","COAL",44,"48",38,45,42,49,42,49,44,45,29,40,46,"53",NA,NA,NA
"70","18-May-13","Nielsen","GRN",11,"12",14,7,13,11,13,8,12,11,16,17,9,"6",NA,NA,NA
"71","18-May-13","Nielsen","IND",6,"5",5,8,7,1,5,6,6,5,5,5,6,"5",NA,NA,NA
"72","18-May-13","Nielsen","FFP",2,"2",1,2,1,2,2,1,2,2,3,2,2,"1",NA,NA,NA
"73","18-May-13","Nielsen","OTH",5,"5",3,7,5,6,4,6,6,4,7,7,5,"3",NA,NA,NA
"74","13-Apr-13","Nielsen","IND",6,"7",5,7,7,1,5,6,6,5,5,5,9,"4",NA,NA,NA
"75","13-Apr-13","Nielsen","FFP",1,"1",1,0,3,2,1,2,0,2,1,1,1,"1",NA,NA,NA
"76","13-Apr-13","Nielsen","COAL",49,"51",38,54,55,50,48,51,50,47,43,43,47,"57",NA,NA,NA
"77","13-Apr-13","Nielsen","ALP",29,"27",35,25,23,24,30,28,29,29,32,28,29,"30",NA,NA,NA
"78","13-Apr-13","Nielsen","GRN",12,"11",16,9,9,10,13,10,9,14,16,19,9,"5",NA,NA,NA
"79","13-Apr-13","Nielsen","OTH",4,"3",5,4,2,3,4,4,4,3,3,4,5,"3",NA,NA,NA
"80","31-Mar-13","Newspoll","COAL",46,"46",44,49,41,50,45,48,49,43,NA,NA,NA,"",38,47,51
"81","31-Mar-13","Newspoll","ALP",33,"33",37,30,32,31,35,31,31,36,NA,NA,NA,"",34,33,34
"82","31-Mar-13","Newspoll","GRN",10,"10",12,7,11,10,11,9,9,11,NA,NA,NA,"",16,10,6
"83","31-Mar-13","Newspoll","OTH",11,"11",7,14,16,9,9,12,11,10,NA,NA,NA,"",12,10,9
"84","16-Mar-13","Nielsen","IND",6,"6",4,6,9,4,5,7,6,5,2,5,6,"7",NA,NA,NA
"85","16-Mar-13","Nielsen","FFP",2,"0.5",2,3,3,3,2,2,1,3,4,3,2,"1",NA,NA,NA
"86","16-Mar-13","Nielsen","COAL",47,"49",45,47,46,48,46,49,48,46,39,46,45,"54",NA,NA,NA
"87","16-Mar-13","Nielsen","ALP",31,"30",34,29,28,30,31,29,28,33,30,27,32,"33",NA,NA,NA
"88","16-Mar-13","Nielsen","GRN",10,"9",11,10,8,12,12,8,12,9,15,14,12,"4",NA,NA,NA
"89","16-Mar-13","Nielsen","OTH",4,"6",3,5,6,2,4,5,5,4,10,5,3,"2",NA,NA,NA
"90","16-Feb-13","Nielsen","IND",6,"7",3,7,8,5,4,9,7,5,3,7,6,"6",NA,NA,NA
"91","16-Feb-13","Nielsen","FFP",2,"1",3,4,3,3,2,3,2,3,4,4,2,"1",NA,NA,NA
"92","16-Feb-13","Nielsen","COAL",47,"49",42,46,54,49,48,45,48,45,35,43,46,"55",NA,NA,NA
"93","16-Feb-13","Nielsen","ALP",30,"26",37,27,23,32,31,29,30,30,33,30,28,"30",NA,NA,NA
"94","16-Feb-13","Nielsen","GRN",11,"12",11,11,11,8,11,11,9,13,18,12,12,"6",NA,NA,NA
"95","16-Feb-13","Nielsen","OTH",4,"5",4,5,2,3,4,4,4,4,7,4,5,"3",NA,NA,NA
"96","31-Dec-12","Newspoll","COAL",43,"43",40,47,42,48,43,45,45,42,NA,NA,NA,"",37,41,49
"97","31-Dec-12","Newspoll","ALP",35,"34",40,32,36,32,36,33,33,36,NA,NA,NA,"",34,33,34
"98","31-Dec-12","Newspoll","GRN",11,"12",12,7,10,11,12,8,11,11,NA,NA,NA,"",16,12,6
"99","31-Dec-12","Newspoll","OTH",11,"11",8,14,12,9,9,14,11,11,NA,NA,NA,"",12,14,9
"100","15-Dec-12","Nielsen","IND",6,"6",5,7,6,3,5,8,5,7,2,5,7,"7",NA,NA,NA
"101","15-Dec-12","Nielsen","FFP",2,"1",2,1,3,1,1,2,1,2,5,2,1,"0.5",NA,NA,NA
"102","15-Dec-12","Nielsen","COAL",43,"41",41,46,47,49,44,42,47,40,36,41,42,"48",NA,NA,NA
"103","15-Dec-12","Nielsen","ALP",35,"34",34,35,34,34,34,36,32,37,33,34,35,"35",NA,NA,NA
"104","15-Dec-12","Nielsen","GRN",10,"13",12,6,8,11,12,7,9,11,19,13,9,"6",NA,NA,NA
"105","15-Dec-12","Nielsen","OTH",4,"6",5,5,2,1,4,5,6,3,5,4,6,"3",NA,NA,NA
"106","17-Nov-12","Nielsen","IND",5,"5",4,4,4,4,4,6,4,5,4,5,6,"4",NA,NA,NA
"107","17-Nov-12","Nielsen","FFP",2,"2",3,3,5,0,2,2,2,3,2,4,2,"1",NA,NA,NA
"108","17-Nov-12","Nielsen","COAL",45,"48",43,45,39,50,44,45,49,40,30,40,41,"57",NA,NA,NA
"109","17-Nov-12","Nielsen","ALP",34,"32",34,33,38,30,34,34,31,36,40,33,35,"31",NA,NA,NA
"110","17-Nov-12","Nielsen","GRN",12,"10",15,11,12,13,13,11,10,14,23,15,13,"5",NA,NA,NA
"111","17-Nov-12","Nielsen","OTH",3,"3",2,3,1,4,3,2,3,2,1,3,4,"2",NA,NA,NA
"112","20-Oct-12","Nielsen","IND",6,"7",5,5,5,6,5,7,7,5,2,6,7,"6",NA,NA,NA
"113","20-Oct-12","Nielsen","FFP",2,"1",2,3,2,2,2,3,0.5,4,2,3,3,"0.5",NA,NA,NA
"114","20-Oct-12","Nielsen","COAL",43,"44",38,48,40,48,43,44,44,42,32,39,44,"49",NA,NA,NA
"115","20-Oct-12","Nielsen","ALP",34,"34",37,30,37,26,34,33,33,35,33,31,32,"38",NA,NA,NA
"116","20-Oct-12","Nielsen","GRN",11,"10",13,7,13,13,13,8,12,10,25,14,9,"5",NA,NA,NA
"117","20-Oct-12","Nielsen","OTH",4,"4",4,7,3,4,4,5,5,4,6,6,5,"2",NA,NA,NA
"118","30-Sep-12","Newspoll","COAL",45,"47",41,47,42,51,44,48,48,43,NA,NA,NA,"",38,44,51
"119","30-Sep-12","Newspoll","ALP",33,"31",37,30,33,30,34,31,31,34,NA,NA,NA,"",33,30,34
"120","30-Sep-12","Newspoll","GRN",10,"10",12,9,11,11,12,8,9,12,NA,NA,NA,"",16,13,5
"121","30-Sep-12","Newspoll","OTH",12,"12",10,14,14,8,10,13,12,11,NA,NA,NA,"",13,13,10
"122","15-Sep-12","Nielsen","IND",5,"6",3,6,7,4,4,7,5,5,3,5,4,"6",NA,NA,NA
"123","15-Sep-12","Nielsen","FFP",2,"0.5",2,2,3,2,2,2,1,2,1,3,2,"1",NA,NA,NA
"124","15-Sep-12","Nielsen","COAL",45,"45",44,48,36,50,43,47,47,42,38,44,41,"52",NA,NA,NA
"125","15-Sep-12","Nielsen","ALP",34,"35",34,30,39,34,36,31,32,37,33,30,42,"32",NA,NA,NA
"126","15-Sep-12","Nielsen","GRN",10,"9",12,9,12,9,11,9,9,11,20,12,10,"5",NA,NA,NA
"127","15-Sep-12","Nielsen","OTH",4,"4",5,5,3,1,4,4,5,3,4,6,2,"4",NA,NA,NA
"128","25-Aug-12","Nielsen","IND",6,"7",4,7,6,5,5,7,6,6,3,6,6,"6",NA,NA,NA
"129","25-Aug-12","Nielsen","FFP",2,"2",3,2,2,1,2,2,2,2,3,3,1,"1",NA,NA,NA
"130","25-Aug-12","Nielsen","COAL",45,"45",41,49,44,48,43,47,48,42,39,38,44,"53",NA,NA,NA
"131","25-Aug-12","Nielsen","ALP",32,"30",35,28,31,36,34,29,30,34,33,31,34,"31",NA,NA,NA
"132","25-Aug-12","Nielsen","GRN",11,"10",13,9,15,9,12,10,11,11,21,14,9,"7",NA,NA,NA
"133","25-Aug-12","Nielsen","OTH",5,"5",5,5,3,1,5,4,5,4,2,8,5,"2",NA,NA,NA
"134","28-Jul-12","Nielsen","IND",5,"5",3,7,9,5,4,7,5,5,5,5,6,"4",NA,NA,NA
"135","28-Jul-12","Nielsen","FFP",2,"1",3,1,3,3,1,3,1,2,3,2,3,"1",NA,NA,NA
"136","28-Jul-12","Nielsen","COAL",47,"45",45,53,40,56,46,49,50,44,39,45,51,"49",NA,NA,NA
"137","28-Jul-12","Nielsen","ALP",30,"30",34,26,30,25,32,27,29,32,28,26,27,"37",NA,NA,NA
"138","28-Jul-12","Nielsen","GRN",12,"14",13,8,13,6,12,11,10,14,20,17,9,"7",NA,NA,NA
"139","28-Jul-12","Nielsen","OTH",4,"4",2,5,5,5,4,3,4,3,5,5,5,"2",NA,NA,NA
"140","30-Jun-12","Nielsen","IND",5,"5",5,6,8,5,5,6,6,5,5,4,6,"6",NA,NA,NA
"141","30-Jun-12","Nielsen","FFP",2,"2",3,3,2,2,2,3,1,3,4,3,2,"1",NA,NA,NA
"142","30-Jun-12","Nielsen","COAL",48,"51",44,56,37,49,48,50,50,47,32,48,51,"53",NA,NA,NA
"143","30-Jun-12","Newspoll","COAL",47,"47",42,54,45,48,46,49,49,44,NA,NA,NA,"",41,46,51
"144","30-Jun-12","Nielsen","ALP",28,"26",30,22,34,28,28,27,28,28,28,26,26,"31",NA,NA,NA
"145","30-Jun-12","Nielsen","GRN",12,"12",12,9,16,9,13,9,10,14,23,13,11,"7",NA,NA,NA
"146","30-Jun-12","Nielsen","OTH",4,"4",5,3,3,7,4,5,6,3,7,6,4,"2",NA,NA,NA
"147","30-Jun-12","Newspoll","ALP",30,"29",34,22,33,32,30,28,28,31,NA,NA,NA,"",30,28,31
"148","30-Jun-12","Newspoll","GRN",12,"12",15,11,10,11,14,10,11,14,NA,NA,NA,"",17,13,8
"149","30-Jun-12","Newspoll","OTH",11,"12",9,13,12,9,10,13,12,11,NA,NA,NA,"",12,13,10
"150","02-Jun-12","Nielsen","IND",6,"7",5,6,5,5,5,8,4,8,2,7,8,"6",NA,NA,NA
"151","02-Jun-12","Nielsen","FFP",2,"1",2,2,5,4,2,1,2,2,5,2,3,"1",NA,NA,NA
"152","02-Jun-12","Nielsen","COAL",48,"49",41,54,49,51,47,48,50,46,39,48,50,"53",NA,NA,NA
"153","02-Jun-12","Nielsen","ALP",26,"25",31,24,32,19,27,26,27,26,28,23,25,"30",NA,NA,NA
"154","02-Jun-12","Nielsen","GRN",14,"14",16,11,9,16,15,12,13,15,23,16,16,"7",NA,NA,NA
"155","02-Jun-12","Nielsen","OTH",4,"4",4,3,0,6,3,4,5,3,4,5,4,"4",NA,NA,NA
"156","31-Mar-12","Nielsen","IND",6,"8",6,7,3,3,6,8,8,5,6,7,7,"5",NA,NA,NA
"157","31-Mar-12","Nielsen","FFP",2,"1",2,3,4,3,2,2,3,2,4,4,1,"1",NA,NA,NA
"158","31-Mar-12","Nielsen","COAL",47,"49",40,53,43,53,45,50,50,45,36,42,45,"58",NA,NA,NA
"159","31-Mar-12","Newspoll","COAL",45,"45",44,47,39,48,44,46,46,43,NA,NA,NA,"",37,45,50
"160","31-Mar-12","Nielsen","ALP",27,"26",32,22,35,25,30,23,24,31,29,27,28,"27",NA,NA,NA
"161","31-Mar-12","Nielsen","GRN",13,"12",16,10,12,14,13,12,12,14,18,14,15,"8",NA,NA,NA
"162","31-Mar-12","Nielsen","OTH",4,"4",4,5,3,3,4,5,4,4,7,5,5,"1",NA,NA,NA
"163","31-Mar-12","Newspoll","ALP",32,"31",34,30,34,31,32,32,30,34,NA,NA,NA,"",33,31,32
"164","31-Mar-12","Newspoll","GRN",11,"11",13,9,11,10,13,9,11,12,NA,NA,NA,"",17,13,6
"165","31-Mar-12","Newspoll","OTH",12,"13",9,14,16,11,11,13,13,11,NA,NA,NA,"",13,11,12
"166","23-Feb-12","Nielsen","IND",6,"7",4,9,6,4,4,8,7,5,6,5,7,"6",NA,NA,NA
"167","23-Feb-12","Nielsen","FFP",2,"1",3,3,4,1,1,3,1,2,3,2,3,"1",NA,NA,NA
"168","23-Feb-12","Nielsen","COAL",44,"42",45,42,48,51,45,43,44,44,30,42,45,"51",NA,NA,NA
"169","23-Feb-12","Nielsen","OTH",3,"3",2,5,2,1,2,3,2,3,3,3,3,"2",NA,NA,NA
"170","23-Feb-12","Nielsen","ALP",34,"35",31,31,34,34,34,32,33,34,40,32,31,"34",NA,NA,NA
"171","23-Feb-12","Nielsen","GRN",12,"13",15,11,7,7,13,10,12,12,19,16,11,"6",NA,NA,NA
"172","02-Feb-12","Nielsen","IND",5,"8",3,6,3,3,4,7,5,5,2,6,5,"6",NA,NA,NA
"173","02-Feb-12","Nielsen","FFP",1,"1",1,2,1,3,2,1,1,1,1,2,1,"1",NA,NA,NA
"174","02-Feb-12","Nielsen","COAL",45,"46",39,50,44,50,44,46,45,45,40,39,46,"50",NA,NA,NA
"175","02-Feb-12","Nielsen","OTH",3,"2",2,3,6,3,2,3,3,2,1,4,3,"1",NA,NA,NA
"176","02-Feb-12","Nielsen","ALP",33,"33",37,27,34,31,34,31,32,34,37,29,35,"33",NA,NA,NA
"177","02-Feb-12","Nielsen","GRN",13,"11",18,12,12,11,14,12,13,13,19,19,10,"9",NA,NA,NA
"178","31-Dec-11","Newspoll","COAL",46,"48",44,48,40,49,46,47,49,43,NA,NA,NA,"",41,43,52
"179","31-Dec-11","Newspoll","OTH",11,"11",8,14,16,9,10,14,12,11,NA,NA,NA,"",10,13,11
"180","31-Dec-11","Newspoll","ALP",31,"28",35,29,33,29,31,29,29,32,NA,NA,NA,"",29,31,31
"181","31-Dec-11","Newspoll","GRN",12,"13",13,9,11,13,13,10,10,14,NA,NA,NA,"",20,13,6
"182","10-Dec-11","Nielsen","IND",5,"6",4,6,8,5,3,8,6,5,3,7,6,"5",NA,NA,NA
"183","10-Dec-11","Nielsen","FFP",2,"1",3,2,3,1,2,2,3,1,3,2,3,"<0.5",NA,NA,NA
"184","10-Dec-11","Nielsen","COAL",49,"49",44,49,47,55,48,49,51,46,40,43,47,"58",NA,NA,NA
"185","10-Dec-11","Nielsen","OTH",4,"5",3,5,4,4,4,5,4,5,6,5,3,"3",NA,NA,NA
"186","10-Dec-11","Nielsen","ALP",29,"28",32,31,29,25,31,26,28,31,31,30,30,"28",NA,NA,NA
"187","10-Dec-11","Nielsen","GRN",11,"11",14,7,9,9,11,9,9,12,16,13,12,"5",NA,NA,NA
"188","12-Nov-11","Nielsen","IND",6,"6",4,6,8,6,4,8,8,3,3,7,6,"5",NA,NA,NA
"189","12-Nov-11","Nielsen","FFP",2,"1",1,2,5,2,1,2,1,2,1,3,2,"1",NA,NA,NA
"190","12-Nov-11","Nielsen","COAL",45,"45",44,48,37,48,45,45,45,46,29,44,46,"52",NA,NA,NA
"191","12-Nov-11","Nielsen","OTH",4,"4",6,6,2,2,3,5,5,4,7,6,4,"2",NA,NA,NA
"192","12-Nov-11","Nielsen","ALP",30,"29",29,31,37,26,30,29,28,31,35,25,31,"31",NA,NA,NA
"193","12-Nov-11","Nielsen","GRN",14,"14",16,8,11,16,16,10,13,14,27,16,10,"10",NA,NA,NA
"194","15-Oct-11","Nielsen","IND",5,"5",3,7,8,5,5,7,5,6,5,5,6,"6",NA,NA,NA
"195","15-Oct-11","Nielsen","FFP",1,"1",1,3,3,0,1,2,2,1,2,2,1,"1",NA,NA,NA
"196","15-Oct-11","Nielsen","COAL",48,"45",47,53,41,54,45,51,48,48,39,44,48,"54",NA,NA,NA
"197","15-Oct-11","Nielsen","OTH",4,"5",5,3,3,4,4,4,5,3,5,7,2,"3",NA,NA,NA
"198","15-Oct-11","Nielsen","ALP",30,"32",34,26,32,23,31,27,29,31,32,27,31,"30",NA,NA,NA
"199","15-Oct-11","Nielsen","GRN",12,"12",11,8,14,13,13,9,12,11,17,15,12,"6",NA,NA,NA
"200","30-Sep-11","Newspoll","COAL",48,"50",44,50,43,50,46,52,50,46,NA,NA,NA,"",41,46,54
"201","30-Sep-11","Newspoll","OTH",12,"11",9,14,15,13,11,13,12,12,NA,NA,NA,"",12,13,11
"202","30-Sep-11","Newspoll","ALP",27,"26",32,26,28,24,29,25,27,28,NA,NA,NA,"",27,26,29
"203","30-Sep-11","Newspoll","GRN",13,"13",15,10,14,13,14,10,11,14,NA,NA,NA,"",20,15,6
"204","10-Sep-11","Nielsen","IND",6,"8",2,8,8,4,6,7,8,5,6,7,7,"5",NA,NA,NA
"205","10-Sep-11","Nielsen","FFP",2,"2",3,3,2,2,3,2,2,3,3,3,2,"2",NA,NA,NA
"206","10-Sep-11","Nielsen","COAL",48,"50",45,50,48,50,46,50,49,47,43,44,44,"56",NA,NA,NA
"207","10-Sep-11","Nielsen","OTH",4,"3",3,5,6,3,4,3,5,3,5,3,6,"2",NA,NA,NA
"208","10-Sep-11","Nielsen","ALP",27,"27",31,25,28,23,27,28,25,29,25,28,26,"29",NA,NA,NA
"209","10-Sep-11","Nielsen","GRN",13,"11",16,10,9,18,14,10,11,14,19,15,15,"7",NA,NA,NA
"210","13-Aug-11","Nielsen","IND",6,"7",5,7,8,4,5,8,8,5,2,7,7,"7",NA,NA,NA
"211","13-Aug-11","Nielsen","FFP",2,"2",3,2,3,3,3,2,2,2,4,3,2,"1",NA,NA,NA
"212","13-Aug-11","Nielsen","COAL",48,"47",40,55,52,54,44,54,50,46,42,44,49,"52",NA,NA,NA
"213","13-Aug-11","Nielsen","OTH",3,"5",3,3,3,3,4,3,4,3,4,4,5,"2",NA,NA,NA
"214","13-Aug-11","Nielsen","ALP",28,"25",35,25,26,31,29,26,26,30,26,29,29,"29",NA,NA,NA
"215","13-Aug-11","Nielsen","GRN",12,"15",14,8,8,5,14,8,10,13,21,14,9,"8",NA,NA,NA
"216","16-Jul-11","Nielsen","IND",6,"6",4,7,9,4,5,7,6,6,5,5,7,"5",NA,NA,NA
"217","16-Jul-11","Nielsen","FFP",2,"<0.5",3,3,2,1,1,2,1,2,2,3,1,"1",NA,NA,NA
"218","16-Jul-11","Nielsen","COAL",51,"50",47,56,53,53,50,53,53,50,46,47,50,"57",NA,NA,NA
"219","16-Jul-11","Nielsen","OTH",5,"5",4,5,4,7,4,6,6,3,3,7,4,"4",NA,NA,NA
"220","16-Jul-11","Nielsen","ALP",26,"26",30,21,27,24,28,23,24,28,24,26,27,"27",NA,NA,NA
"221","16-Jul-11","Nielsen","GRN",11,"13",13,7,6,11,11,10,10,12,20,12,11,"6",NA,NA,NA
"222","30-Jun-11","Newspoll","COAL",45,"45",42,48,42,49,43,47,48,42,NA,NA,NA,"",39,45,49
"223","30-Jun-11","Newspoll","OTH",11,"14",8,11,12,11,10,14,12,11,NA,NA,NA,"",13,11,10
"224","30-Jun-11","Newspoll","ALP",32,"30",37,31,34,27,34,29,30,34,NA,NA,NA,"",30,32,33
"225","30-Jun-11","Newspoll","GRN",12,"11",13,10,12,13,13,10,10,13,NA,NA,NA,"",18,12,8
"226","16-Jun-11","Nielsen","IND",4,"5",2,6,4,4,3,7,5,4,2,3,7,"5",NA,NA,NA
"227","16-Jun-11","Nielsen","FFP",3,"2",2,4,5,3,3,3,2,3,7,4,2,"<0.5",NA,NA,NA
"228","16-Jun-11","Nielsen","OTH",5,"5",5,4,4,5,4,6,5,4,5,6,4,"3",NA,NA,NA
"229","16-Jun-11","Nielsen","COAL",49,"51",45,54,47,51,48,50,51,46,28,50,50,"55",NA,NA,NA
"230","16-Jun-11","Nielsen","ALP",27,"26",30,22,30,24,28,25,26,28,34,22,25,"30",NA,NA,NA
"231","16-Jun-11","Nielsen","GRN",12,"12",16,10,9,14,15,9,10,15,24,15,12,"6",NA,NA,NA
"232","14-May-11","Nielsen","OTH",5,"6",3,4,4,6,5,4,5,4,5,7,4,"3",NA,NA,NA
"233","14-May-11","Nielsen","IND",6,"8",4,6,7,5,5,7,6,7,1,5,7,"8",NA,NA,NA
"234","14-May-11","Nielsen","FFP",2,"1",2,2,4,4,2,1,2,2,3,4,1,"1",NA,NA,NA
"235","14-May-11","Nielsen","COAL",47,"48",47,49,45,39,45,49,51,42,40,42,45,"54",NA,NA,NA
"236","14-May-11","Nielsen","ALP",31,"28",34,31,30,35,33,29,29,33,34,30,33,"29",NA,NA,NA
"237","14-May-11","Nielsen","GRN",10,"9",10,7,11,12,10,9,8,11,17,12,9,"5",NA,NA,NA
"238","10-May-11","Nielsen","OTH",4,"5",3,4,3,4,3,4,3,4,4,4,4,"3",NA,NA,NA
"239","10-May-11","Nielsen","ALP",28,"25",40,18,24,25,30,24,25,30,33,30,25,"26",NA,NA,NA
"240","10-May-11","Nielsen","COAL",49,"53",39,56,47,53,49,48,54,44,34,45,50,"57",NA,NA,NA
"241","10-May-11","Nielsen","IND",5,"5",4,8,16,6,5,6,6,5,4,6,6,"5",NA,NA,NA
"242","10-May-11","Nielsen","FFP",3,"1",4,3,4,3,2,4,3,3,6,3,3,"1",NA,NA,NA
"243","10-May-11","Nielsen","GRN",12,"12",11,11,16,9,11,13,9,14,20,12,12,"9",NA,NA,NA
"244","16-Apr-11","Nielsen","OTH",3,"3",2,2,2,3,3,2,3,2,3,3,2,"2",NA,NA,NA
"245","16-Apr-11","Nielsen","ALP",31,"27",35,29,36,28,32,29,30,32,31,29,31,"32",NA,NA,NA
"246","16-Apr-11","Nielsen","COAL",47,"51",46,46,39,50,48,45,50,45,42,43,46,"54",NA,NA,NA
"247","16-Apr-11","Nielsen","IND",6,"7",2,6,9,4,4,9,4,7,2,5,7,"6",NA,NA,NA
"248","16-Apr-11","Nielsen","FFP",2,"1",2,4,3,3,2,3,2,3,3,4,2,"1",NA,NA,NA
"249","16-Apr-11","Nielsen","GRN",12,"11",13,12,11,11,12,12,11,12,19,15,12,"6",NA,NA,NA
"250","31-Mar-11","Newspoll","OTH",11,"12",7,14,10,8,8,14,11,10,NA,NA,NA,"",10,11,10
"251","31-Mar-11","Newspoll","ALP",34,"33",36,31,34,35,34,33,34,34,NA,NA,NA,"",32,36,34
"252","31-Mar-11","Newspoll","COAL",42,"43",41,43,40,44,43,42,43,41,NA,NA,NA,"",36,38,49
"253","31-Mar-11","Newspoll","GRN",13,"12",16,12,16,13,15,11,12,15,NA,NA,NA,"",22,15,7
"254","12-Mar-11","Nielsen","OTH",3,"3",3,4,2,4,3,4,4,2,4,3,3,"3",NA,NA,NA
"255","12-Mar-11","Nielsen","ALP",33,"29",38,31,37,36,35,29,31,35,35,32,36,"30",NA,NA,NA
"256","12-Mar-11","Nielsen","COAL",45,"48",40,47,45,46,44,47,47,44,38,38,44,"55",NA,NA,NA
"257","12-Mar-11","Nielsen","IND",5,"6",4,5,4,1,3,7,5,4,3,4,5,"5",NA,NA,NA
"258","12-Mar-11","Nielsen","FFP",2,"1",3,3,3,2,1,3,2,2,1,5,1,"1",NA,NA,NA
"259","12-Mar-11","Nielsen","GRN",12,"14",12,10,8,10,13,10,11,12,18,17,11,"6",NA,NA,NA
"260","12-Feb-11","Nielsen","OTH",3,"3",3,4,5,3,4,3,4,3,7,5,3,"1",NA,NA,NA
"261","12-Feb-11","Nielsen","ALP",32,"31",37,28,33,27,34,28,31,32,40,31,26,"34",NA,NA,NA
"262","12-Feb-11","Nielsen","COAL",46,"48",43,51,42,48,45,48,45,48,26,44,50,"53",NA,NA,NA
"263","12-Feb-11","Nielsen","IND",4,"5",3,6,7,1,3,7,5,4,2,3,7,"4",NA,NA,NA
"264","12-Feb-11","Nielsen","FFP",2,"1",1,3,3,2,1,2,1,2,2,2,2,"1",NA,NA,NA
"265","12-Feb-11","Nielsen","GRN",12,"11",13,8,10,8,13,12,13,12,22,15,12,"6",NA,NA,NA
"266","31-Dec-10","Newspoll","OTH",10,"10",7,13,11,11,8,13,10,10,NA,NA,NA,"",11,11,9
"267","31-Dec-10","Newspoll","ALP",34,"34",37,34,35,30,35,33,34,36,NA,NA,NA,"",32,37,34
"268","31-Dec-10","Newspoll","COAL",42,"44",39,41,41,46,41,43,43,40,NA,NA,NA,"",36,37,39
"269","31-Dec-10","Newspoll","GRN",14,"12",17,12,13,13,16,11,13,14,NA,NA,NA,"",21,15,8
"270","20-Nov-10","Nielsen","OTH",3,"3",3,4,2,2,3,3,3,3,5,4,2,"2",NA,NA,NA
"271","20-Nov-10","Nielsen","ALP",35,"33",37,34,35,32,34,37,34,36,37,37,36,"32",NA,NA,NA
"272","20-Nov-10","Nielsen","GRN",13,"13",16,9,14,15,15,11,13,13,25,17,10,"7",NA,NA,NA
"273","20-Nov-10","Nielsen","COAL",43,"47",40,45,41,46,44,42,43,43,29,36,43,"54",NA,NA,NA
"274","20-Nov-10","Nielsen","IND",4,"4",3,6,7,3,4,5,5,3,2,3,6,"4",NA,NA,NA
"275","20-Nov-10","Nielsen","FFP",1,"<0.5",2,2,2,2,1,1,1,2,1,2,2,"1",NA,NA,NA
"276","23-Oct-10","Nielsen","OTH",2,"3",2,3,3,1,2,3,3,2,3,5,2,"1",NA,NA,NA
"277","23-Oct-10","Nielsen","ALP",34,"29",38,36,38,34,35,34,33,35,30,34,37,"34",NA,NA,NA
"278","23-Oct-10","Nielsen","GRN",14,"11",18,9,20,14,15,12,12,16,21,16,15,"8",NA,NA,NA
"279","23-Oct-10","Nielsen","COAL",43,"50",36,45,33,49,43,43,45,42,40,41,40,"50",NA,NA,NA
"280","23-Oct-10","Nielsen","IND",4,"6",3,5,3,1,3,7,6,3,3,3,5,"6",NA,NA,NA
"281","23-Oct-10","Nielsen","FFP",2,"<0.5",2,2,4,1,1,2,1,2,2,2,1,"1",NA,NA,NA
"282","19-Aug-10","Nielsen","GRN",13,"12",17,11,13,13,NA,NA,NA,NA,NA,NA,NA,"",NA,NA,NA
"283","19-Aug-10","Nielsen","ALP",39,"39",41,37,36,33,41,34,36,41,36,41,37,"39",NA,NA,NA
"284","19-Aug-10","Nielsen","COAL",41.5,"42",35,45,43,50,38,46,43,40,28,37,46,"47",NA,NA,NA
"285","19-Aug-10","Nielsen","DEM",1,"1",1,0,1,0,1,1,1,1,0.5,1,0.5,"1",NA,NA,NA
"286","19-Aug-10","Nielsen","GRN",13,"12",17,11,13,13,14,12,13,13,29,15,9,"10",NA,NA,NA
"287","19-Aug-10","Nielsen","IND",2,"3",2,2,3,1,2,3,3,2,2,2,4,"1",NA,NA,NA
"288","19-Aug-10","Nielsen","FFP",1.5,"1",2,1,3,1,2,1,2,1,1,2,1,"2",NA,NA,NA
"289","19-Aug-10","Nielsen","OTH",2,"3",1,4,0,1,2,3,3,2,3,3,3,"1",NA,NA,NA
"290","15-Aug-10","Newspoll","ALP",38,"39",41,35,43,31,38,38,36,40,NA,NA,NA,"",35,42,37
"291","15-Aug-10","Newspoll","GRN",14,"13",14,13,12,14,14,13,12,15,NA,NA,NA,"",19,15,9
"292","15-Aug-10","Newspoll","COAL",42,"41",40,43,37,51,43,40,45,39,NA,NA,NA,"",38,38,48
"293","12-Aug-10","Nielsen","GRN",12,"13",14,9,12,13,14,10,10,15,19,15,12,"9",NA,NA,NA
"294","08-Aug-10","Newspoll","ALP",38,"39",41,35,44,28,38,38,36,39,NA,NA,NA,"",36,43,36
"295","08-Aug-10","Newspoll","GRN",12,"11",15,10,11,14,14,11,11,14,NA,NA,NA,"",17,15,8
"296","08-Aug-10","Newspoll","COAL",43,"43",39,46,39,52,42,43,45,42,NA,NA,NA,"",38,38,50
"297","05-Aug-10","Nielsen","GRN",13,"11",16,14,15,9,14,13,13,14,20,14,15,"9",NA,NA,NA
"298","05-Aug-10","Nielsen","ALP",36,"40",39,26,44,30,38,34,32,40,35,37,37,"35",NA,NA,NA
"299","05-Aug-10","Nielsen","COAL",44,"43",41,49,33,59,43,45,49,40,35,44,40,"50",NA,NA,NA
"300","05-Aug-10","Nielsen","IND",2,"3",1,6,2,0,2,3,2,3,2,2,4,"2",NA,NA,NA
"301","05-Aug-10","Nielsen","FFP",1,"0",2,3,3,0,1,2,1,2,2,0,2,"1",NA,NA,NA
"302","05-Aug-10","Nielsen","OTH",3,"4",3,1,3,3,3,3,3,2,5,3,2,"3",NA,NA,NA
"303","01-Aug-10","Newspoll","ALP",39,"38",42,36,46,33,38,39,37,40,NA,NA,NA,"",38,43,37
"304","01-Aug-10","Newspoll","GRN",12,"10",17,9,9,15,15,8,11,13,NA,NA,NA,"",17,12,8
"305","01-Aug-10","Newspoll","COAL",43,"45",36,48,38,47,41,46,45,41,NA,NA,NA,"",37,40,49
"306","29-Jul-10","Nielsen","ALP",36,"33",40,37,36,34,38,33,35,36,39,37,39,"31",NA,NA,NA
"307","29-Jul-10","Nielsen","COAL",45,"50",40,41,48,55,43,49,46,45,29,42,41,"57",NA,NA,NA
"308","29-Jul-10","Nielsen","GRN",12,"10",15,12,10,8,13,11,11,13,26,13,11,"8",NA,NA,NA
"309","29-Jul-10","Nielsen","IND",3,"4",1,4,3,2,2,4,4,2,2,3,5,"2",NA,NA,NA
"310","29-Jul-10","Nielsen","FFP",1,"1",2,1,3,1,1,2,1,2,2,2,1,"1",NA,NA,NA
"311","29-Jul-10","Nielsen","OTH",2,"3",2,4,0,0,2,1,2,1,1,3,3,"1",NA,NA,NA
"312","22-Jul-10","Nielsen","GRN",12,"13",13,11,9,11,13,11,12,13,21,14,11,"8",NA,NA,NA
"313","22-Jul-10","Nielsen","ALP",42,"46",44,33,46,34,43,40,39,44,52,44,40,"38",NA,NA,NA
"314","22-Jul-10","Nielsen","COAL",41,"36",40,47,38,51,40,42,42,39,22,37,42,"49",NA,NA,NA
"315","22-Jul-10","Nielsen","IND",3,"3",1,4,3,1,2,3,3,2,2,2,3,"3",NA,NA,NA
"316","22-Jul-10","Nielsen","FFP",1,"1",1,2,3,0,1,2,1,1,1,1,2,"1",NA,NA,NA
"317","22-Jul-10","Nielsen","OTH",1,"1",0,2,1,3,1,2,2,1,2,2,1,"0",NA,NA,NA
"318","10-Jul-10","Nielsen","GRN",13,"9",14,13,11,16,13,13,13,12,16,14,14,"9",NA,NA,NA
"319","30-Jun-10","Newspoll","OTH",9,"9",7,11,13,8,8,11,9,9,NA,NA,NA,"",8,9,10
"320","30-Jun-10","Newspoll","ALP",37,"38",40,37,34,31,38,37,36,38,NA,NA,NA,"",39,36,37
"321","30-Jun-10","Newspoll","GRN",13,"12",14,9,12,16,14,10,12,14,NA,NA,NA,"",19,13,8
"322","30-Jun-10","Newspoll","COAL",41,"41",39,43,41,45,40,42,43,39,NA,NA,NA,"",34,42,45
"323","25-Jun-10","Nielsen","GRN",8,"9",8,6,4,5,8,7,8,7,12,11,7,"4",NA,NA,NA
"324","25-Jun-10","Nielsen","ALP",47,"43",59,40,41,42,48,44,47,47,50,47,47,"45",NA,NA,NA
"325","25-Jun-10","Nielsen","COAL",42,"44",30,48,51,50,40,44,41,43,34,38,43,"47",NA,NA,NA
"326","25-Jun-10","Nielsen","IND",2,"2",1,3,1,0,2,2,1,2,1,2,2,"2",NA,NA,NA
"327","25-Jun-10","Nielsen","FFP",1,"1",0,2,0,2,1,1,1,1,2,2,0,"0",NA,NA,NA
"328","25-Jun-10","Nielsen","OTH",1,"0",2,1,2,1,1,1,2,0,1,1,1,"1",NA,NA,NA
"329","25-Jun-10","Nielsen","ALP",47,"43",59,40,41,42,48,44,47,47,50,47,47,"45",NA,NA,NA
"330","25-Jun-10","Nielsen","COAL",42,"44",30,48,51,50,40,44,41,43,34,38,43,"47",NA,NA,NA
"331","25-Jun-10","Nielsen","GRN",8,"9",8,6,4,5,8,7,8,7,12,11,7,"4",NA,NA,NA
"332","25-Jun-10","Nielsen","IND",2,"2",1,3,1,0,2,2,1,2,1,2,2,"2",NA,NA,NA
"333","25-Jun-10","Nielsen","FFP",1,"1",0,2,0,2,1,1,1,1,2,2,0,"0",NA,NA,NA
"334","25-Jun-10","Nielsen","OTH",1,"0",2,1,2,1,1,1,2,0,1,1,1,"1",NA,NA,NA
"335","05-Jun-10","Nielsen","GRN",15,"14",18,13,13,13,17,12,15,15,20,18,15,"10",NA,NA,NA
"336","08-May-10","Nielsen","GRN",13,"11",14,11,17,12,14,11,14,11,17,17,12,"8",NA,NA,NA
"337","17-Apr-10","Nielsen","GRN",12,"10",15,10,12,13,14,10,13,12,17,17,13,"6",NA,NA,NA
"338","17-Apr-10","Nielsen","ALP",39,"38",41,40,38,35,37,41,40,38,50,38,40,"34",NA,NA,NA
"339","17-Apr-10","Nielsen","COAL",42,"45",38,41,42,45,42,42,40,44,25,37,40,"54",NA,NA,NA
"340","17-Apr-10","Nielsen","IND",3,"4",2,3,3,4,3,4,3,3,0,3,4,"4",NA,NA,NA
"341","17-Apr-10","Nielsen","FFP",1,"1",1,2,2,1,1,1,1,1,3,2,1,"0",NA,NA,NA
"342","17-Apr-10","Nielsen","OTH",3,"3",2,4,3,3,3,2,3,3,4,4,2,"2",NA,NA,NA
"343","31-Mar-10","Newspoll","ALP",40,"40",42,40,42,38,42,39,40,41,NA,NA,NA,"",44,43,37
"344","31-Mar-10","Newspoll","OTH",9,"10",7,10,11,5,8,10,9,8,NA,NA,NA,"",8,9,9
"345","31-Mar-10","Newspoll","ALP",40,"40",42,40,42,38,42,39,40,41,NA,NA,NA,"",44,43,37
"346","31-Mar-10","Newspoll","GRN",11,"11",13,10,9,12,12,9,11,12,NA,NA,NA,"",17,11,7
"347","31-Mar-10","Newspoll","GRN",11,"11",13,10,9,12,12,9,11,12,NA,NA,NA,"",17,11,7
"348","31-Mar-10","Newspoll","COAL",40,"39",38,40,38,45,38,42,40,39,NA,NA,NA,"",31,37,47
"349","31-Mar-10","Newspoll","COAL",40,"39",38,40,38,45,38,42,40,39,NA,NA,NA,"",31,37,47
"350","06-Mar-10","Nielsen","GRN",9,"8",13,7,6,7,9,9,8,9,16,10,9,"6",NA,NA,NA
"351","06-Feb-10","Nielsen","GRN",10,"9",10,11,9,12,11,9,10,11,16,12,12,"5",NA,NA,NA
"352","06-Feb-10","Nielsen","ALP",42,"39",45,44,47,42,45,38,40,44,43,44,38,"44",NA,NA,NA
"353","06-Feb-10","Nielsen","COAL",41,"45",38,39,34,41,38,44,42,39,33,39,41,"45",NA,NA,NA
"354","06-Feb-10","Nielsen","IND",3,"3",2,3,4,1,2,3,3,2,2,2,3,"3",NA,NA,NA
"355","06-Feb-10","Nielsen","FFP",2,"1",4,1,1,0,1,2,2,1,3,1,3,"1",NA,NA,NA
"356","06-Feb-10","Nielsen","OTH",3,"3",1,2,5,3,2,3,3,2,4,3,3,"2",NA,NA,NA
"357","31-Dec-09","Newspoll","ALP",45,"43",46,45,45,40,46,41,44,45,NA,NA,NA,"",45,47,42
"358","31-Dec-09","Newspoll","GRN",11,"11",12,9,9,13,12,10,10,12,NA,NA,NA,"",17,11,7
"359","31-Dec-09","Newspoll","OTH",8,"9",7,9,12,7,8,9,9,8,NA,NA,NA,"",7,9,9
"360","31-Dec-09","Newspoll","COAL",36,"37",35,37,34,40,34,40,37,35,NA,NA,NA,"",31,33,42
"361","28-Nov-09","Nielsen","ALP",42,"38",46,42,41,41,42,43,42,42,44,39,48,"39",NA,NA,NA
"362","28-Nov-09","Nielsen","COAL",37,"40",32,42,39,37,36,39,36,38,35,35,31,"45",NA,NA,NA
"363","28-Nov-09","Nielsen","GRN",13,"14",12,9,13,13,13,12,13,12,14,17,14,"7",NA,NA,NA
"364","28-Nov-09","Nielsen","IND",4,"5",4,4,4,4,4,4,4,4,3,3,3,"6",NA,NA,NA
"365","28-Nov-09","Nielsen","FFP",2,"2",4,0,3,1,2,2,2,2,1,3,2,"1",NA,NA,NA
"366","28-Nov-09","Nielsen","OTH",3,"3",3,2,0,3,3,2,2,2,2,3,2,"2",NA,NA,NA
"367","07-Nov-09","Nielsen","ALP",45,"45",44,50,38,44,46,43,44,46,48,48,45,"42",NA,NA,NA
"368","07-Nov-09","Nielsen","COAL",38,"40",35,38,47,36,36,43,38,39,30,32,38,"47",NA,NA,NA
"369","07-Nov-09","Nielsen","GRN",9,"9",12,5,8,11,11,7,10,8,13,11,11,"6",NA,NA,NA
"370","07-Nov-09","Nielsen","IND",2,"3",3,3,3,2,2,3,4,1,2,3,2,"2",NA,NA,NA
"371","07-Nov-09","Nielsen","FFP",2,"1",3,2,2,2,2,2,1,2,5,2,1,"1",NA,NA,NA
"372","07-Nov-09","Nielsen","OTH",3,"2",2,2,3,6,3,3,3,2,2,6,2,"2",NA,NA,NA
"373","10-Oct-09","Nielsen","ALP",46,"45",48,50,40,44,49,42,45,47,43,48,50,"42",NA,NA,NA
"374","10-Oct-09","Nielsen","COAL",37,"39",33,39,32,43,34,41,37,36,34,32,32,"46",NA,NA,NA
"375","10-Oct-09","Nielsen","GRN",10,"8",11,6,12,10,11,8,9,10,14,13,9,"5",NA,NA,NA
"376","10-Oct-09","Nielsen","IND",3,"4",2,3,9,2,3,4,3,3,1,2,4,"4",NA,NA,NA
"377","10-Oct-09","Nielsen","FFP",1,"1",3,0,2,0,1,2,1,2,5,2,1,"1",NA,NA,NA
"378","10-Oct-09","Nielsen","OTH",3,"2",4,3,4,1,2,3,4,2,4,4,2,"1",NA,NA,NA
"379","30-Sep-09","Newspoll","ALP",44,"43",46,43,48,43,47,39,44,45,NA,NA,NA,"",45,44,44
"380","30-Sep-09","Newspoll","GRN",10,"10",12,7,9,11,11,8,10,10,NA,NA,NA,"",14,11,6
"381","30-Sep-09","Newspoll","OTH",8,"9",6,8,10,5,7,9,8,7,NA,NA,NA,"",8,7,8
"382","30-Sep-09","Newspoll","COAL",38,"38",36,42,33,41,35,44,38,38,NA,NA,NA,"",33,38,42
"383","12-Sep-09","Nielsen","ALP",44,"43",48,45,45,34,44,45,46,43,40,46,47,"43",NA,NA,NA
"384","12-Sep-09","Nielsen","COAL",40,"42",33,41,38,48,40,40,39,40,40,32,38,"48",NA,NA,NA
"385","12-Sep-09","Nielsen","GRN",8,"7",11,6,5,11,9,7,7,9,12,12,8,"4",NA,NA,NA
"386","12-Sep-09","Nielsen","IND",4,"3",3,4,7,2,4,3,4,3,3,4,4,"3",NA,NA,NA
"387","12-Sep-09","Nielsen","FFP",2,"1",2,1,4,2,2,1,2,1,4,2,1,"1",NA,NA,NA
"388","12-Sep-09","Nielsen","OTH",3,"3",3,2,1,3,1,4,2,3,1,4,2,"2",NA,NA,NA
"389","15-Aug-09","Nielsen","ALP",46,"46",49,38,48,53,50,41,43,50,47,49,51,"41",NA,NA,NA
"390","15-Aug-09","Nielsen","COAL",38,"37",35,46,35,33,35,41,40,35,31,32,36,"47",NA,NA,NA
"391","15-Aug-09","Nielsen","GRN",8,"9",8,7,5,6,7,8,7,8,9,9,9,"6",NA,NA,NA
"392","15-Aug-09","Nielsen","IND",3,"4",1,3,6,2,2,4,4,2,5,3,2,"3",NA,NA,NA
"393","15-Aug-09","Nielsen","FFP",2,"1",3,2,5,3,2,3,2,2,5,4,1,"1",NA,NA,NA
"394","15-Aug-09","Nielsen","OTH",3,"3",3,3,1,3,3,3,3,2,2,4,2,"3",NA,NA,NA
"395","30-Jun-09","Newspoll","ALP",45,"46",46,44,45,38,45,43,44,45,NA,NA,NA,"",45,45,44
"396","30-Jun-09","Newspoll","GRN",10,"8",11,9,10,11,11,9,10,10,NA,NA,NA,"",14,11,7
"397","30-Jun-09","Newspoll","OTH",8,"9",7,9,10,9,8,9,9,8,NA,NA,NA,"",9,9,7
"398","30-Jun-09","Newspoll","COAL",37,"37",36,38,35,42,36,39,37,37,NA,NA,NA,"",32,35,42
"399","27-Jun-09","Nielsen","ALP",46,"47",46,47,45,40,47,45,46,46,47,47,49,"42",NA,NA,NA
"400","27-Jun-09","Nielsen","COAL",37,"35",39,35,37,41,36,37,36,37,29,32,35,"45",NA,NA,NA
"401","27-Jun-09","Nielsen","GRN",10,"11",8,10,8,10,10,9,10,10,15,12,11,"5",NA,NA,NA
"402","27-Jun-09","Nielsen","IND",3,"4",3,3,1,1,2,4,4,2,1,3,2,"4",NA,NA,NA
"403","27-Jun-09","Nielsen","FFP",2,"1",3,2,6,2,2,3,1,3,5,2,2,"1",NA,NA,NA
"404","27-Jun-09","Nielsen","OTH",2,"2",2,3,3,6,3,3,3,2,3,4,2,"2",NA,NA,NA
"405","16-May-09","Nielsen","ALP",44,"45",41,46,44,37,44,44,46,42,43,48,48,"37",NA,NA,NA
"406","16-May-09","Nielsen","COAL",43,"43",46,40,40,50,42,43,41,44,35,37,40,"53",NA,NA,NA
"407","16-May-09","Nielsen","GRN",8,"6",7,8,6,11,9,6,7,8,15,9,8,"4",NA,NA,NA
"408","16-May-09","Nielsen","IND",2,"2",2,2,7,1,2,2,3,2,2,2,3,"2",NA,NA,NA
"409","16-May-09","Nielsen","FFP",1,"1",1,2,1,0,1,1,0,2,3,1,0,"1",NA,NA,NA
"410","16-May-09","Nielsen","OTH",2,"2",3,2,3,2,2,3,3,2,3,3,2,"2",NA,NA,NA
"411","31-Mar-09","Newspoll","ALP",45,"45",47,46,44,39,47,42,44,46,NA,NA,NA,"",46,48,43
"412","31-Mar-09","Newspoll","GRN",9,"10",10,7,8,11,10,8,9,10,NA,NA,NA,"",14,10,5
"413","31-Mar-09","Newspoll","OTH",9,"10",7,8,13,9,7,11,8,10,NA,NA,NA,"",9,10,8
"414","31-Mar-09","Newspoll","COAL",37,"35",36,39,35,41,36,39,39,34,NA,NA,NA,"",31,32,44
"415","27-Mar-09","Nielsen","ALP",47,"44",51,48,38,48,49,42,45,48,50,46,49,"43",NA,NA,NA
"416","27-Mar-09","Nielsen","COAL",37,"38",31,41,39,44,35,41,39,35,28,35,34,"45",NA,NA,NA
"417","27-Mar-09","Nielsen","GRN",10,"11",10,7,7,8,10,9,10,10,14,12,11,"5",NA,NA,NA
"418","27-Mar-09","Nielsen","IND",2,"2",2,2,9,0,2,3,3,2,3,2,2,"3",NA,NA,NA
"419","27-Mar-09","Nielsen","FFP",1,"1",3,1,3,1,1,2,1,2,2,2,2,"1",NA,NA,NA
"420","27-Mar-09","Nielsen","OTH",3,"3",3,1,5,0,3,3,3,2,4,3,3,"2",NA,NA,NA
"421","31-Dec-08","Newspoll","ALP",44,"41",44,49,47,40,45,42,44,43,NA,NA,NA,"",46,43,42
"422","31-Dec-08","Newspoll","GRN",10,"11",11,7,9,12,10,10,9,12,NA,NA,NA,"",14,12,7
"423","31-Dec-08","Newspoll","OTH",8,"10",7,7,9,7,8,9,8,9,NA,NA,NA,"",8,9,8
"424","31-Dec-08","Newspoll","COAL",38,"38",38,37,35,41,37,39,39,36,NA,NA,NA,"",32,36,43
"425","15-Nov-08","Nielsen","ALP",45,"47",46,38,46,44,48,40,45,45,47,45,46,"42",NA,NA,NA
"426","15-Nov-08","Nielsen","COAL",39,"38",39,45,39,40,36,43,37,41,32,37,37,"45",NA,NA,NA
"427","15-Nov-08","Nielsen","GRN",10,"8",10,10,6,10,10,9,11,9,14,11,9,"8",NA,NA,NA
"428","15-Nov-08","Nielsen","IND",2,"3",2,2,4,2,2,3,3,1,3,2,3,"3",NA,NA,NA
"429","15-Nov-08","Nielsen","FFP",1,"1",1,2,4,0,1,2,1,2,2,2,2,"0",NA,NA,NA
"430","15-Nov-08","Nielsen","OTH",3,"3",2,4,1,4,3,2,3,2,3,3,3,"3",NA,NA,NA
"431","18-Oct-08","Nielsen","ALP",46,"44",46,47,48,41,46,44,45,47,43,47,47,"44",NA,NA,NA
"432","18-Oct-08","Nielsen","COAL",39,"43",38,36,36,45,39,39,40,38,30,34,38,"47",NA,NA,NA
"433","18-Oct-08","Nielsen","GRN",9,"7",10,7,10,10,9,8,9,9,15,10,11,"4",NA,NA,NA
"434","18-Oct-08","Nielsen","IND",3,"4",1,4,2,2,2,4,3,2,3,3,2,"3",NA,NA,NA
"435","18-Oct-08","Nielsen","FFP",1,"1",2,2,3,0,1,2,0,2,2,3,1,"1",NA,NA,NA
"436","18-Oct-08","Nielsen","OTH",3,"1",3,4,2,2,2,3,3,2,6,3,1,"2",NA,NA,NA
"437","30-Sep-08","Newspoll","ALP",45,"45",46,47,41,34,46,42,44,45,NA,NA,NA,"",50,45,41
"438","30-Sep-08","Newspoll","GRN",10,"10",12,7,8,12,11,8,9,10,NA,NA,NA,"",13,11,7
"439","30-Sep-08","Newspoll","OTH",8,"9",6,8,13,8,7,10,9,8,NA,NA,NA,"",7,8,9
"440","30-Sep-08","Newspoll","COAL",37,"36",36,38,38,46,36,40,38,37,NA,NA,NA,"",30,36,43
"441","20-Sep-08","Nielsen","ALP",41,"39",41,47,40,32,40,43,44,38,39,43,41,"39",NA,NA,NA
"442","20-Sep-08","Nielsen","COAL",42,"43",43,40,43,50,42,43,41,43,39,36,40,"51",NA,NA,NA
"443","20-Sep-08","Nielsen","GRN",9,"9",10,5,6,11,10,9,8,11,14,12,11,"4",NA,NA,NA
"444","20-Sep-08","Nielsen","IND",3,"5",1,3,5,2,3,4,3,3,2,3,3,"4",NA,NA,NA
"445","20-Sep-08","Nielsen","FFP",2,"2",4,1,2,1,3,1,2,3,4,3,2,"0",NA,NA,NA
"446","20-Sep-08","Nielsen","OTH",2,"2",1,4,4,4,2,2,2,2,2,4,2,"2",NA,NA,NA
"447","30-Jun-08","Newspoll","ALP",47,"49",47,46,49,39,49,44,49,46,NA,NA,NA,"",49,50,45
"448","30-Jun-08","Newspoll","GRN",10,"9",12,8,9,12,11,8,9,10,NA,NA,NA,"",14,11,6
"449","30-Jun-08","Newspoll","OTH",7,"7",6,8,9,8,6,9,7,7,NA,NA,NA,"",6,9,7
"450","30-Jun-08","Newspoll","COAL",36,"35",35,38,33,41,34,39,35,37,NA,NA,NA,"",31,32,42
"451","14-Jun-08","Nielsen","ALP",44,"45",43,46,40,41,45,42,44,43,46,46,44,"40",NA,NA,NA
"452","14-Jun-08","Nielsen","COAL",38,"39",36,40,40,38,37,40,37,39,32,34,35,"47",NA,NA,NA
"453","14-Jun-08","Nielsen","GRN",10,"11",14,5,8,10,11,10,11,10,11,13,12,"6",NA,NA,NA
"454","14-Jun-08","Nielsen","IND",3,"2",3,3,5,5,3,3,3,3,5,1,4,"3",NA,NA,NA
"455","14-Jun-08","Nielsen","FFP",2,"1",2,2,3,4,2,2,1,2,3,2,2,"1",NA,NA,NA
"456","14-Jun-08","Nielsen","OTH",3,"2",2,4,6,2,3,3,3,3,3,4,3,"1",NA,NA,NA
"457","17-May-08","Nielsen","ALP",46,"46",49,45,41,40,46,45,46,46,44,49,47,"43",NA,NA,NA
"458","17-May-08","Nielsen","COAL",38,"40",34,43,40,38,37,40,39,38,38,32,36,"46",NA,NA,NA
"459","17-May-08","Nielsen","GRN",8,"7",10,6,11,11,9,8,8,9,10,11,9,"6",NA,NA,NA
"460","17-May-08","Nielsen","IND",2,"2",1,3,2,5,2,3,3,2,2,2,4,"2",NA,NA,NA
"461","17-May-08","Nielsen","FFP",2,"1",2,2,3,3,2,2,2,2,2,2,2,"2",NA,NA,NA
"462","17-May-08","Nielsen","OTH",3,"3",3,2,4,3,3,2,3,3,3,4,4,"1",NA,NA,NA
"463","30-Mar-08","Newspoll","ALP",48,"49",49,47,49,42,50,44,49,47,NA,NA,NA,"",49,45,41
"464","30-Mar-08","Newspoll","GRN",11,"10",14,8,7,11,12,9,9,12,NA,NA,NA,"",15,12,7
"465","30-Mar-08","Newspoll","OTH",7,"8",5,9,10,6,6,9,7,7,NA,NA,NA,"",8,7,7
"466","30-Mar-08","Newspoll","COAL",34,"33",32,36,34,41,32,38,35,34,NA,NA,NA,"",28,31,41
"467","18-Nov-07","Newspoll","ALP",47,"47",47,49,48,43,49,44,47,47,NA,NA,NA,"",51,49,44
"468","18-Nov-07","Newspoll","GRN",7,"8",9,3,4,6,7,6,7,7,NA,NA,NA,"",8,7,5
"469","18-Nov-07","Newspoll","OTH",6,"6",5,7,7,5,5,7,7,5,NA,NA,NA,"",6,6,5
"470","18-Nov-07","Newspoll","COAL",40,"39",39,41,41,46,39,43,39,41,NA,NA,NA,"",35,38,46
"471","11-Nov-07","Newspoll","ALP",47,"45",50,49,48,44,49,45,48,47,NA,NA,NA,"",54,45,45
"472","11-Nov-07","Newspoll","GRN",6,"6",8,3,3,6,6,5,6,6,NA,NA,NA,"",6,7,4
"473","11-Nov-07","Newspoll","OTH",5,"6",5,5,6,4,5,7,6,4,NA,NA,NA,"",6,5,5
"474","11-Nov-07","Newspoll","COAL",42,"43",37,43,43,46,40,43,40,43,NA,NA,NA,"",34,43,46
"475","04-Nov-07","Newspoll","ALP",47,"46",47,50,53,45,48,46,48,47,NA,NA,NA,"",54,46,44
"476","04-Nov-07","Newspoll","GRN",5,"5",7,3,3,4,6,4,5,5,NA,NA,NA,"",6,6,4
"477","04-Nov-07","Newspoll","OTH",6,"7",5,5,6,5,5,7,6,5,NA,NA,NA,"",7,6,4
"478","04-Nov-07","Newspoll","COAL",42,"42",41,42,38,46,41,43,41,43,NA,NA,NA,"",33,42,48
"479","28-Oct-07","Newspoll","ALP",49,"52",45,52,52,43,50,49,49,50,NA,NA,NA,"",55,52,44
"480","28-Oct-07","Newspoll","GRN",5,"5",7,3,3,4,5,3,5,5,NA,NA,NA,"",5,6,4
"481","28-Oct-07","Newspoll","OTH",6,"6",6,5,6,6,6,6,6,6,NA,NA,NA,"",8,6,4
"482","28-Oct-07","Newspoll","COAL",40,"37",42,40,39,47,39,42,40,39,NA,NA,NA,"",32,36,48
"483","30-Sep-07","Newspoll","ALP",48,"49",51,46,49,40,50,44,47,49,NA,NA,NA,"",51,50,45
"484","30-Sep-07","Newspoll","GRN",4,"5",5,3,3,4,5,4,5,4,NA,NA,NA,"",7,4,3
"485","30-Sep-07","Newspoll","OTH",9,"9",8,8,8,12,9,9,9,9,NA,NA,NA,"",10,10,7
"486","30-Sep-07","Newspoll","COAL",39,"37",36,43,40,44,36,43,39,38,NA,NA,NA,"",32,36,45
"487","08-Sep-07","Nielsen","ALP",49,"46",49,49,58,47,48,51,51,47,57,52,48,"45",NA,NA,NA
"488","08-Sep-07","Nielsen","COAL",39,"40",41,43,30,43,40,38,37,41,30,33,39,"48",NA,NA,NA
"489","08-Sep-07","Nielsen","GRN",7,"10",6,4,5,6,8,6,7,7,10,8,8,"4",NA,NA,NA
"490","08-Sep-07","Nielsen","IND",2,"2",1,3,1,1,2,2,2,1,1,2,2,"2",NA,NA,NA
"491","08-Sep-07","Nielsen","FFP",1,"0",1,1,2,0,1,1,0,1,0,1,1,"0",NA,NA,NA
"492","08-Sep-07","Nielsen","OTH",2,"2",2,0,5,4,3,1,2,1,2,3,2,"2",NA,NA,NA
"493","30-Jul-07","Newspoll","ALP",49,"51",49,47,49,40,50,48,49,49,NA,NA,NA,"",53,50,45
"494","30-Jul-07","Newspoll","GRN",4,"5",5,3,4,4,4,4,4,4,NA,NA,NA,"",6,5,3
"495","30-Jul-07","Newspoll","OTH",10,"10",8,11,8,13,9,10,10,9,NA,NA,NA,"",11,10,8
"496","30-Jul-07","Newspoll","COAL",37,"34",38,39,39,43,37,38,37,38,NA,NA,NA,"",30,35,44
"497","31-Mar-07","Newspoll","ALP",48,"47",48,49,54,51,49,46,48,48,NA,NA,NA,"",51,51,43
"498","31-Mar-07","Newspoll","GRN",5,"6",7,3,3,6,6,4,5,5,NA,NA,NA,"",9,6,3
"499","31-Mar-07","Newspoll","OTH",9,"11",8,7,8,11,9,10,10,9,NA,NA,NA,"",10,10,8
"500","31-Mar-07","Newspoll","COAL",38,"36",37,41,35,42,36,40,37,38,NA,NA,NA,"",30,33,46
"501","30-Nov-06","Newspoll","ALP",39,"39",40,41,41,36,41,36,41,38,NA,NA,NA,"",41,40,38
"502","30-Nov-06","Newspoll","GRN",8,"7",9,6,4,8,8,6,7,8,NA,NA,NA,"",11,9,4
"503","30-Nov-06","Newspoll","OTH",12,"15",10,12,12,11,11,14,12,12,NA,NA,NA,"",12,14,11
"504","30-Nov-06","Newspoll","COAL",41,"39",41,41,43,45,40,44,40,42,NA,NA,NA,"",36,37,47
"505","30-Sep-06","Newspoll","ALP",41,"41",42,40,38,41,42,39,42,40,NA,NA,NA,"",43,42,39
"506","30-Sep-06","Newspoll","GRN",6,"6",7,5,4,6,7,4,5,6,NA,NA,NA,"",10,6,4
"507","30-Sep-06","Newspoll","OTH",11,"12",10,13,15,10,11,13,12,12,NA,NA,NA,"",12,13,10
"508","30-Sep-06","Newspoll","COAL",42,"41",41,42,43,43,40,44,41,42,NA,NA,NA,"",35,39,47
"509","30-Jun-06","Newspoll","COAL",42,"40",42,47,39,41,40,45,41,43,NA,NA,NA,"",38,38,47
"510","30-Jun-06","Newspoll","ALP",38,"38",39,37,42,38,39,37,39,39,NA,NA,NA,"",38,41,38
"511","30-Jun-06","Newspoll","GRN",7,"7",8,4,5,7,8,5,7,6,NA,NA,NA,"",10,8,4
"512","30-Jun-06","Newspoll","OTH",13,"15",11,12,14,14,13,13,13,12,NA,NA,NA,"",14,13,11
"513","31-Mar-06","Newspoll","COAL",43,"42",43,44,42,47,41,46,42,44,NA,NA,NA,"",37,41,48
"514","31-Mar-06","Newspoll","ALP",38,"38",37,37,40,36,39,35,39,37,NA,NA,NA,"",39,37,37
"515","31-Mar-06","Newspoll","GRN",6,"6",7,5,5,7,8,4,6,6,NA,NA,NA,"",10,7,4
"516","31-Mar-06","Newspoll","OTH",13,"14",13,14,13,10,12,15,13,13,NA,NA,NA,"",14,15,11
"517","31-Dec-05","Newspoll","COAL",40,"39",39,41,39,42,39,42,39,41,NA,NA,NA,"",37,35,45
"518","31-Dec-05","Newspoll","ALP",40,"39",40,41,43,38,41,38,41,39,NA,NA,NA,"",40,42,39
"519","31-Dec-05","Newspoll","GRN",7,"7",10,4,5,7,8,6,7,7,NA,NA,NA,"",11,7,4
"520","31-Dec-05","Newspoll","OTH",13,"15",11,14,13,13,12,14,13,13,NA,NA,NA,"",12,16,12
"521","30-Sep-05","Newspoll","COAL",43,"41",43,44,45,45,42,44,43,43,NA,NA,NA,"",35,40,50
"522","30-Sep-05","Newspoll","ALP",39,"39",39,41,36,36,40,37,38,39,NA,NA,NA,"",41,42,35
"523","30-Sep-05","Newspoll","GRN",6,"7",8,4,6,6,8,5,6,7,NA,NA,NA,"",10,6,5
"524","30-Sep-05","Newspoll","OTH",12,"13",10,11,13,13,10,14,13,11,NA,NA,NA,"",14,12,10
"525","30-Jun-05","Newspoll","COAL",45,"45",45,46,46,45,43,48,46,44,NA,NA,NA,"",39,42,51
"526","30-Jun-05","Newspoll","ALP",39,"38",40,37,38,40,41,36,38,39,NA,NA,NA,"",42,40,36
"527","30-Jun-05","Newspoll","GRN",5,"6",6,5,4,6,6,5,5,6,NA,NA,NA,"",9,6,3
"528","30-Jun-05","Newspoll","OTH",11,"11",9,12,12,9,10,11,11,11,NA,NA,NA,"",10,12,10
"529","31-Mar-05","Newspoll","COAL",47,"45",47,50,46,46,45,49,45,48,NA,NA,NA,"",42,40,54
"530","31-Mar-05","Newspoll","ALP",37,"35",39,35,39,38,39,35,37,36,NA,NA,NA,"",39,41,33
"531","31-Mar-05","Newspoll","GRN",6,"7",8,4,7,6,7,5,7,6,NA,NA,NA,"",8,8,4
"532","31-Mar-05","Newspoll","OTH",10,"13",6,11,8,10,9,11,11,10,NA,NA,NA,"",11,11,9
"533","03-Oct-04","Newspoll","COAL",44,"42",42,46,48,48,43,47,43,45,NA,NA,NA,"",40,40,50
"534","03-Oct-04","Newspoll","ALP",40,"41",42,38,38,35,41,37,40,39,NA,NA,NA,"",41,42,37
"535","03-Oct-04","Newspoll","OTH",9,"10",8,12,8,9,8,12,10,9,NA,NA,NA,"",8,11,9
"536","03-Oct-04","Newspoll","GRN",7,"7",8,4,6,8,8,4,7,7,NA,NA,NA,"",11,7,4
"537","26-Sep-04","Newspoll","COAL",43,"42",40,43,47,45,42,44,42,43,NA,NA,NA,"",39,39,48
"538","26-Sep-04","Newspoll","ALP",40,"40",43,40,38,36,41,39,40,41,NA,NA,NA,"",42,41,38
"539","26-Sep-04","Newspoll","OTH",10,"11",8,12,10,12,8,13,11,9,NA,NA,NA,"",9,12,10
"540","26-Sep-04","Newspoll","GRN",7,"7",9,5,5,7,9,4,7,7,NA,NA,NA,"",10,8,4
"541","19-Sep-04","Newspoll","COAL",45,"44",44,47,44,46,44,46,45,44,NA,NA,NA,"",37,42,52
"542","19-Sep-04","Newspoll","ALP",40,"41",40,40,41,37,41,39,40,41,NA,NA,NA,"",47,41,35
"543","19-Sep-04","Newspoll","OTH",8,"8",8,8,9,10,8,10,8,9,NA,NA,NA,"",8,9,8
"544","19-Sep-04","Newspoll","GRN",7,"7",8,5,6,7,7,5,7,6,NA,NA,NA,"",8,8,5
"545","12-Sep-04","Newspoll","COAL",46,"44",47,50,41,47,44,49,46,46,NA,NA,NA,"",39,41,55
"546","12-Sep-04","Newspoll","ALP",40,"42",38,39,44,35,41,38,40,39,NA,NA,NA,"",45,43,34
"547","12-Sep-04","Newspoll","OTH",7,"6",7,8,9,11,7,7,8,8,NA,NA,NA,"",7,9,6
"548","12-Sep-04","Newspoll","GRN",7,"8",8,3,6,7,8,6,6,7,NA,NA,NA,"",9,7,5
"549","31-Aug-04","Newspoll","COAL",43,"40",44,43,46,47,43,43,43,42,NA,NA,NA,"",36,41,49
"550","31-Aug-04","Newspoll","ALP",40,"40",41,43,41,35,40,40,41,40,NA,NA,NA,"",46,41,36
"551","31-Aug-04","Newspoll","OTH",17,"20",15,14,13,18,17,17,16,18,NA,NA,NA,"",18,18,15
"552","30-Jun-04","Newspoll","COAL",43,"42",40,46,45,44,41,46,43,42,NA,NA,NA,"",36,39,50
"553","30-Jun-04","Newspoll","ALP",42,"40",45,42,38,41,43,40,41,43,NA,NA,NA,"",44,45,37
"554","30-Jun-04","Newspoll","OTH",10,"12",9,9,13,9,10,11,10,10,NA,NA,NA,"",11,9,10
"555","30-Jun-04","Newspoll","GRN",5,"6",6,3,4,6,6,3,6,5,NA,NA,NA,"",9,5,3
"556","31-Mar-04","Newspoll","COAL",42,"40",40,45,42,45,40,45,43,41,NA,NA,NA,"",36,39,48
"557","31-Mar-04","Newspoll","ALP",42,"42",43,42,43,38,45,38,41,43,NA,NA,NA,"",44,44,39
"558","31-Mar-04","Newspoll","GRN",5,"5",7,4,4,6,6,4,6,5,NA,NA,NA,"",8,6,4
"559","31-Mar-04","Newspoll","OTH",11,"13",10,9,11,11,10,13,10,11,NA,NA,NA,"",12,11,9
"560","31-Dec-03","Newspoll","COAL",43,"41",42,45,47,43,42,44,44,41,NA,NA,NA,"",39,39,49
"561","31-Dec-03","Newspoll","ALP",37,"39",37,36,34,37,38,36,36,39,NA,NA,NA,"",37,40,35
"562","31-Dec-03","Newspoll","OTH",20,"20",21,19,19,20,20,20,20,20,NA,NA,NA,"",24,21,16
"563","30-Sep-03","Newspoll","COAL",43,"43",42,44,46,45,42,46,43,43,NA,NA,NA,"",38,39,51
"564","30-Sep-03","Newspoll","ALP",37,"36",39,38,34,34,38,34,36,37,NA,NA,NA,"",38,39,33
"565","30-Sep-03","Newspoll","OTH",13,"14",11,16,13,13,12,15,14,13,NA,NA,NA,"",14,15,12
"566","30-Sep-03","Newspoll","GRN",7,"7",8,2,7,8,8,5,7,7,NA,NA,NA,"",10,7,4
"567","30-Jun-03","Newspoll","COAL",46,"43",47,45,49,51,45,47,46,45,NA,NA,NA,"",40,42,53
"568","30-Jun-03","Newspoll","ALP",35,"37",36,35,31,30,36,34,34,37,NA,NA,NA,"",37,37,33
"569","30-Jun-03","Newspoll","OTH",19,"20",17,20,20,19,19,19,20,18,NA,NA,NA,"",23,21,14
"570","31-Mar-03","Newspoll","COAL",43,"41",41,49,44,47,41,47,44,42,NA,NA,NA,"",38,40,49
"571","31-Mar-03","Newspoll","ALP",36,"36",38,34,33,31,37,33,35,36,NA,NA,NA,"",35,37,35
"572","31-Mar-03","Newspoll","OTH",21,"23",21,17,23,22,22,20,21,21,NA,NA,NA,"",26,23,16
"573","31-Dec-02","Newspoll","COAL",45,"44",42,46,48,47,43,47,45,43,NA,NA,NA,"",40,41,50
"574","31-Dec-02","Newspoll","ALP",36,"34",40,35,35,33,37,35,36,36,NA,NA,NA,"",39,36,34
"575","31-Dec-02","Newspoll","OTH",19,"22",18,19,17,20,20,18,19,21,NA,NA,NA,"",21,23,16
"576","30-Sep-02","Newspoll","COAL",42,"43",40,41,43,42,42,43,42,42,NA,NA,NA,"",36,36,52
"577","30-Sep-02","Newspoll","ALP",38,"37",40,39,38,38,39,38,38,39,NA,NA,NA,"",40,42,34
"578","30-Sep-02","Newspoll","OTH",14,"14",14,16,15,12,12,15,15,13,NA,NA,NA,"",16,15,10
"579","30-Sep-02","Newspoll","GRN",6,"6",6,4,4,8,7,4,5,6,NA,NA,NA,"",8,7,4
"580","30-Jun-02","Newspoll","COAL",41,"41",40,42,42,42,41,43,41,41,NA,NA,NA,"",38,38,46
"581","30-Jun-02","Newspoll","ALP",39,"38",40,38,39,39,40,37,38,40,NA,NA,NA,"",37,42,38
"582","30-Jun-02","Newspoll","OTH",16,"17",14,17,16,15,14,17,16,15,NA,NA,NA,"",18,16,13
"583","30-Jun-02","Newspoll","GRN",4,"4",6,3,3,4,5,3,5,4,NA,NA,NA,"",7,4,3
"584","31-Mar-02","Newspoll","COAL",44,"46",42,43,41,43,42,47,43,44,NA,NA,NA,"",39,40,50
"585","31-Mar-02","Newspoll","ALP",37,"33",40,39,36,37,38,34,38,37,NA,NA,NA,"",38,38,35
"586","31-Mar-02","Newspoll","OTH",19,"21",18,18,23,20,20,19,19,19,NA,NA,NA,"",23,22,15
"587","28-Oct-01","Newspoll","ALP",NA,"48",46,48,50,49,40,35,40,36,NA,NA,NA,"",46,42,36
"588","28-Oct-01","Newspoll","COAL",NA,"36",41,37,36,36,46,50,46,49,NA,NA,NA,"",36,42,53
"589","28-Oct-01","Newspoll","OTH",NA,"16",13,15,14,15,14,15,14,15,NA,NA,NA,"",18,18,11
"590","30-Sep-01","Newspoll","COAL",42,"43",43,43,43,39,41,46,42,43,NA,NA,NA,"",40,37,50
"591","30-Sep-01","Newspoll","ALP",40,"38",44,40,35,37,42,36,40,39,NA,NA,NA,"",41,44,35
"592","30-Sep-01","Newspoll","GRN",3,"4",3,2,2,6,3,3,3,4,NA,NA,NA,"",5,4,2
"593","30-Sep-01","Newspoll","OTH",15,"15",10,15,20,18,14,15,15,14,NA,NA,NA,"",14,15,13
"594","30-Jun-01","Newspoll","COAL",39,"41",39,37,38,39,38,40,37,41,NA,NA,NA,"",38,34,44
"595","30-Jun-01","Newspoll","ALP",43,"40",44,45,36,42,44,40,44,41,NA,NA,NA,"",42,46,40
"596","30-Jun-01","Newspoll","GRN",3,"3",4,2,2,4,3,3,3,4,NA,NA,NA,"",5,3,2
"597","30-Jun-01","Newspoll","OTH",15,"16",13,16,24,15,15,17,16,14,NA,NA,NA,"",15,17,14
"598","31-Mar-01","Newspoll","COAL",39,"40",39,37,38,37,37,42,37,41,NA,NA,NA,"",38,36,43
"599","31-Mar-01","Newspoll","ALP",45,"42",49,47,41,41,47,42,45,44,NA,NA,NA,"",46,47,41
"600","31-Mar-01","Newspoll","GRN",3,"3",3,3,2,8,4,3,3,4,NA,NA,NA,"",6,4,2
"601","31-Mar-01","Newspoll","OTH",13,"15",9,13,19,14,12,13,15,11,NA,NA,NA,"",10,13,14
"602","31-Dec-00","Newspoll","COAL",43,"44",41,43,44,40,42,44,41,44,NA,NA,NA,"",42,37,48
"603","31-Dec-00","Newspoll","ALP",42,"40",47,42,40,41,44,40,44,41,NA,NA,NA,"",41,48,39
"604","31-Dec-00","Newspoll","GRN",3,"3",2,3,1,4,3,2,2,3,NA,NA,NA,"",5,3,1
"605","31-Dec-00","Newspoll","OTH",12,"13",10,12,15,15,11,14,13,12,NA,NA,NA,"",12,12,12
"606","30-Sep-00","Newspoll","COAL",43,"44",42,45,42,43,41,47,42,45,NA,NA,NA,"",41,39,48
"607","30-Sep-00","Newspoll","ALP",44,"43",49,41,43,40,47,40,45,43,NA,NA,NA,"",44,48,41
"608","30-Sep-00","Newspoll","OTH",13,"13",9,14,15,17,12,13,13,12,NA,NA,NA,"",15,13,11
"609","30-Jun-00","Newspoll","COAL",42,"43",40,42,42,43,41,44,41,43,NA,NA,NA,"",39,37,48
"610","30-Jun-00","Newspoll","ALP",44,"43",49,43,41,38,45,41,44,44,NA,NA,NA,"",44,48,41
"611","30-Jun-00","Newspoll","OTH",14,"14",11,15,17,19,14,15,15,13,NA,NA,NA,"",17,15,11
"612","31-Mar-00","Newspoll","COAL",44,"42",45,46,45,40,42,46,41,46,NA,NA,NA,"",41,40,49
"613","31-Mar-00","Newspoll","ALP",44,"43",47,42,39,42,45,42,45,42,NA,NA,NA,"",45,47,40
"614","31-Mar-00","Newspoll","OTH",12,"15",8,12,16,18,13,12,14,12,NA,NA,NA,"",14,13,11
"615","31-Dec-99","Newspoll","COAL",45,"45",47,45,44,42,43,48,45,45,NA,NA,NA,"",42,41,52
"616","31-Dec-99","Newspoll","ALP",43,"42",45,41,41,43,44,40,42,44,NA,NA,NA,"",44,46,39
"617","31-Dec-99","Newspoll","OTH",12,"13",8,14,15,15,13,12,13,11,NA,NA,NA,"",14,16,9
